"Agricultural Soil Management, MMT CO2 eq.","1990","1991","1992","1993","1994","1995","1996","1997","1998","1999","2000","2001","2002","2003","2004","2005","2006","2007","2008","2009","2010","2011","2012","2013","2014","2015","2016","2017","2018","2019","2020","2021","2022"
"Texas","27.373333339084134","29.270236204107505","26.58286678506845","26.842428812030438","27.903833715981733","27.197084898855486","28.683088313169918","27.299211360672437","27.589071965610195","26.671873744552375","27.44339893707899","27.100201922061792","28.680813749261794","26.825913297069807","29.433115619522262","25.55827254865646","25.825440968639647","28.210723756556806","25.284251912990158","27.248791259301605","27.465229659491044","22.27506418701792","26.232612833005664","27.039119439358586","27.23958159630791","28.066658536081427","27.03492667231966","26.72736662849696","27.813645951500522","25.54948489059303","24.822246090702137","25.026960352090253","24.545571367057452"
"Iowa","20.61518794614082","19.79638098829866","17.1697157723896","18.457405752037182","18.945733807618264","18.940027914315667","19.789404008172607","18.016199293433594","19.135178105118882","20.522194068889025","17.608911519498534","19.430889025722387","21.228602653409702","18.943214476060227","19.771391638999024","20.739226136029195","22.161978716038433","20.679573633454595","20.668529521506905","20.038869165498948","20.042973308957322","21.872024400337967","20.481569955539424","21.360461086518836","27.02993493029353","23.035165120579492","21.65753980670379","21.127619740513854","25.815266233246874","21.91924301234741","20.117633739102246","21.369047875334356","20.77007954354552"
"Nebraska","14.63117303088163","15.935664302174011","15.969753164771053","18.031694342201263","17.10406514281151","15.6211518449244","17.164014402232453","17.367345665564972","17.078850609165002","17.0747948254131","15.093274622656738","17.199393208407336","17.38247218251791","16.853094697222048","18.152372703695242","18.87280774533031","18.719490636255657","20.03463404512293","18.409757522092885","18.127117450292886","18.013668222562842","20.94292066370438","17.41554366552269","20.47667350921837","19.48431189645496","19.80055225026798","19.66616600031467","19.53918793307717","20.98252436963183","19.938167537938284","17.470599545048735","18.37526945963378","17.921025266674214"
"Kansas","14.596363751171491","13.393581395427832","15.580985186409912","18.207969873318184","15.781815203477832","16.279701649423007","16.338663895465118","16.5010812783933","16.651161984346157","15.86974597894513","15.46476870011133","20.63884136153555","16.76899781417923","18.26660071031068","18.13021843612316","19.670617584953554","16.316925158574612","19.682578295020676","21.03057496576256","15.95179235104595","19.36917846271264","17.199607053421822","17.579320586841337","23.238416989694933","19.877536948843318","20.3230086030748","20.033140226405312","20.97795139573992","18.26785172752215","20.463483113035153","18.380666077705325","17.972342748706115","17.521347953084142"
"Illinois","18.597388450302137","15.266436966782756","14.35969497131688","16.993789553578814","16.410028954181275","15.915913526073485","17.932272787784054","15.211068565751608","15.925376058149668","16.913054846874502","16.833912640677895","16.815934852379694","18.31444861717108","17.301447069187436","16.18531496947676","14.931067426674726","16.979626990909274","15.346245623309114","18.72033779762691","17.634157643438126","17.085675845766197","16.29329856754158","16.364247902328103","18.491550135816073","20.088605721761777","18.626902287678917","17.327146022035013","17.185336415106736","20.05744996006587","17.026142962997163","16.151736400054507","16.484111682268715","15.94655440981818"
"Minnesota","16.568886486247898","15.73100148244008","14.369992936028181","15.835231014978463","14.89932313484404","15.494589924141026","14.690151839583821","14.247490132322701","15.446029371575023","15.481470585898062","14.672040168034693","13.392543462713448","14.634282973190883","14.721127243452267","16.59124478212649","16.037675436938404","14.493192949479162","15.53955425670979","15.99286421867576","14.605379739941458","15.71733639830489","14.548794191910618","14.671542747955984","16.78029647674297","17.973401784071527","17.804637502898053","16.874747972690425","16.06887526174737","18.554568903842092","16.152751340100192","15.162194119976274","15.671808069103946","15.22394404969974"
"South Dakota","10.216577387284225","10.153396801295546","11.171661441960188","11.819414116205056","11.766151031955648","11.341722832938288","11.949869905747363","11.042443401545388","11.608259445419588","11.394719639874017","10.057616171554724","12.884394530701037","11.42749351664316","11.832018591240983","13.461314111926521","13.079315356762415","13.580755976649378","14.108258615645621","13.231030092023737","14.95335469759047","13.602217088745729","14.79368597603774","12.136696187401494","15.90897815555818","16.600455752102604","15.567669720476452","14.098553377371445","16.99934396837169","17.881083961248226","15.828479613278247","15.404989731752593","15.526908932349015","15.17673918591354"
"North Dakota","9.896125375813764","9.515909133024467","10.71863108509567","12.546485293041293","12.60198801418152","12.184133582583735","12.024382085958543","11.50201087494045","11.599902069083855","11.79056208447851","12.080270835541944","12.899771385025007","10.57034104219212","13.570415370073855","13.24718356125658","12.80927954787714","10.954404165788183","16.908701522929075","12.053152460553209","12.370743265171974","14.04865832376517","13.249065891917756","11.033435073179795","16.10192357070705","15.664414360204592","15.113953037692426","15.665788606238644","13.883468983122288","17.32039436016545","16.152046605829447","14.173222693874347","14.889615443034725","14.528718946217175"
"Montana","10.583871961238671","10.721473769579319","9.69000013024727","11.712969974731221","10.593118213242198","11.552440822710079","11.753552799619778","12.633668286756828","11.080586486014353","11.656062213887495","9.909684507168777","10.748637298689093","11.209270353115597","10.898145318903904","11.817158735286728","11.41030778321558","11.343048572822644","10.927777210857313","10.322132948787736","12.301132752166648","11.902761875932052","13.813266523087625","9.508552029901496","12.417861350043546","13.787920593773505","12.216335121756112","12.31306807007585","13.405465069148391","13.637149123779585","15.571087868850784","11.875389309396086","12.972676692309024","12.720450572503784"
"Missouri","11.859318010170167","10.320923888209053","9.614316104352612","11.140351014993186","10.32170689969082","10.343639883359923","11.503903222128546","10.827507056885707","10.784534497675898","9.902696719394406","10.429379593432108","11.453900222080557","11.631156141628122","11.575907420524295","11.149390877844217","10.218195256826196","10.386212868448517","10.66599847509645","12.200433616428471","11.758749075045202","12.200003150231293","11.680572461816727","10.718681166692516","13.162231086859727","13.528934343361048","13.413141864421284","11.420057859973808","13.051841935440603","13.660217194362868","12.36580217652841","11.064611752390608","11.701624125868346","11.377846379110789"
"Indiana","10.235183817143236","8.145268274174057","9.133365550115565","8.770116912051913","9.093514232831069","8.975418449784542","8.78286213346047","8.13159212544913","8.80659450347897","8.249084881374834","9.09975719268368","9.567506160260674","9.347405225771253","9.496374896086728","8.927661407888866","8.605452939983417","9.141016527023535","8.44975822914206","9.398954056814535","9.322419419954201","9.830974765540889","9.555348577221986","8.67118607992472","10.61829569947755","10.025527505784677","9.543703560914405","9.300631255882328","9.95556210946002","10.37139471017372","9.854230578278043","8.437324473627386","8.975449059129298","8.705375153337235"
"Oklahoma","7.581002078320789","8.595342783934283","7.590717931497633","7.693925395688023","8.714984162919988","7.285477958768402","8.908110306162689","7.918325384924654","7.752990414889911","7.878455934239053","7.110421947287208","7.889355231457891","8.11287655914527","7.74380901826824","8.740671455326442","7.746114780419425","7.162920383353408","8.758465220643027","8.462273837792265","8.970242739229002","8.40820984207625","9.12916184602588","7.364193726826821","9.591665015462892","8.814045468691727","8.96495185004607","8.210432026137065","9.104034236915908","8.962057921149686","9.078662707552077","7.925466966404054","8.300602472690125","8.120219467858929"
"California","8.746118164030424","7.844390196952412","8.013468107164286","8.432447656615276","8.041408849833605","8.875977837631508","9.194351656534906","8.786201478644363","8.872425228257496","8.359525060452452","9.203862875924163","8.872810419284384","9.714363133776839","10.010996582425479","10.115232898056295","9.761227234792583","9.906886380449603","9.036931212564173","9.886076912996256","9.099695420139508","9.765804775399886","9.653407408936749","8.425876075703172","8.52162995117206","8.645897681064744","8.737019520690685","7.964632087561509","7.531995113957836","7.987885142346867","8.451801067885095","8.086845215950786","8.140035318507152","8.055397869205034"
"Wisconsin","8.834734356277044","8.535977122056355","7.977028229428761","8.380230594710518","8.193734859422628","8.127535251467654","7.97557878986674","7.7272881437527845","8.275165872089188","8.43596291243801","7.327369367547339","7.388351908962111","7.817252382903496","7.753681631613428","7.646149574520212","7.462073028550131","8.000413901908539","7.597256175603808","7.401733130279435","7.371606520279877","8.318044381038543","7.58279328482328","7.42445725195197","8.016317940318702","9.164747950918693","8.684170801591677","8.522571467300617","8.111284027323583","9.086740866048055","8.2366327742033","7.865727533944221","7.924591533324884","7.687669811743783"
"Colorado","7.857944186354388","7.54023452779176","8.383627317299988","8.336614594867887","7.516640700538934","7.855673676618566","7.7881804456025625","7.998390514030731","8.401120007962678","7.725258875404488","7.383899362839044","7.195647595702805","6.960334685036709","7.725260386300762","7.678844835283764","7.912686126715777","7.825145720821585","8.615948210216379","7.6038329253981995","7.668230736348624","7.4371712658876294","7.325712768777249","7.412755154167971","7.921402475464893","7.844353418763897","7.565481586695918","7.5099281869932275","7.6554523244854025","7.208948689518425","7.973142997235114","7.272294930115987","7.191673203519698","7.065163419138342"
"Ohio","8.60362932122878","6.489097806106465","7.713429167293657","7.059933341233057","7.6169652724771835","8.804224517741904","8.003324757353301","6.921112961968486","6.872411398776159","7.340742442699404","7.515969944728014","8.769781633030256","7.793233587034325","7.427418717466993","7.28057098090702","7.408699719365777","6.902180213649298","6.880468952205414","7.2810597533653","7.694254255181955","7.683026834923258","7.712895800978663","6.3629516790414495","8.411863144647542","7.373082526895711","8.286565832895665","7.4686099281728975","7.778399796746909","8.228209370771095","7.429972499359746","6.759170541645874","6.993161351142472","6.777276355463689"
"Arkansas","5.213466685512009","5.315131179162947","5.414061563596709","5.60743282786653","5.337649356489428","5.563572809611621","5.373768938439454","5.599196656485943","5.99091590281644","5.636535351138211","5.89479397921339","6.41844400008003","5.728087277522964","6.314415706900294","5.938423585062599","5.274442837747614","6.053075847729758","5.977283943379969","5.868316024287742","5.851946548906767","5.573734868422283","5.859528484445284","5.829231702325447","6.104413022960412","6.274207293759662","6.068197054315698","6.0044716057177245","5.813671799105959","6.229859706578584","6.36091225102584","5.841050635701564","5.779211111718506","5.596260522785522"
"New Mexico","6.279327111341639","6.630375911009872","5.712288093578121","5.7786680073533025","5.7572375706510455","5.9309974861867945","6.7100828672824235","6.332804148935847","6.006878369674452","6.22301088554803","5.507919092864377","5.80155691490122","6.256946337195324","5.915442851072627","6.5009689721411315","6.274544147566039","6.672559682333539","5.831770362801563","6.458616088354866","5.966126936502559","6.472934387238159","5.559895217548856","5.539232748303088","6.665203621042334","6.238503043854496","6.687493206291498","5.964303819782132","6.558510281598809","6.000796232311188","5.855562984040228","5.359973211170139","5.534603071177822","5.44942787269302"
"Wyoming","4.78137543828996","4.617958964897173","4.532418063976316","5.146713035477102","5.14333515995157","5.385372866902429","5.2476812982184855","5.974566878469917","5.707099212947823","4.85166540720514","4.609925998504843","4.895655424438206","4.912354151037761","4.866611826487138","5.074321982493895","4.977360834640108","4.997708980005946","5.242069669866937","5.035767400510224","5.120314450227451","5.009930514260979","5.438353456445642","4.765432013861952","5.780531706243625","6.256040020458968","5.50189742361335","5.041841348110296","5.795630192610582","5.482709654094796","6.011169367441542","5.0367055489200325","5.3524613028905055","5.272145210375203"
"Idaho","3.7035656560175765","3.6994844646948906","3.6146184360141835","4.392083150310684","4.285792454400086","4.476739431180023","4.4516053010056575","4.5772726421147905","4.706140576929863","4.279962717335935","4.497116269007756","4.261096856158086","4.436478516405","4.857347131867321","4.889094136473671","5.074016900359977","4.909012211304295","4.742324330530659","4.770002232372262","5.250013614724617","4.7720277362002905","5.118134796284988","4.912451843705629","4.807966299497276","4.822369949576047","4.62709378861056","4.902148334262851","4.7912210913622975","5.211181655336973","4.68538346862775","5.046924092349604","4.776933939263655","4.691510843143826"
"Michigan","5.350708386221131","5.137355753707004","5.240212740123536","4.937989025621928","5.119783883562152","4.839319653688627","5.046067421855291","4.765199660589502","4.842606439107571","5.499685599715507","5.37348710586634","5.023863949467781","4.993256904531935","5.14015119145429","5.158585029334956","4.5973625753787","5.342025491924452","4.910762044428195","5.005465723138541","4.617949700982581","4.923558668521162","5.195689661924554","4.667698228683091","5.474687671495188","5.312441029048683","5.1660063933049525","5.373708110330426","5.22819784551303","5.283231903369934","5.087008839271603","4.8316673887707795","4.763424189988697","4.620003138851637"
"Kentucky","4.323910569079354","4.07167867095741","4.332491945360837","4.200396017711039","4.333232944267483","4.262865208435091","4.511706788615266","3.9741534880549256","4.445691489286784","4.002092705786578","4.342716763266647","4.5485803690929805","4.281106288185817","4.775680357040917","4.390896776679285","4.015695000744631","4.298703236173632","4.2499979526994025","3.9861107471473893","4.790777797994922","4.2233020746216985","4.729208131551308","4.239632849450927","4.806700686282815","4.813209283870843","5.227828197736363","4.520889404481551","4.809691211100291","5.526305529316525","4.530763499839954","4.450341592614672","4.58545152904509","4.463445143352241"
"Florida","5.120889185329204","5.121257248992612","5.085705647046675","5.111729972499915","5.282902463604372","5.155482216552362","5.0478602400848525","5.192164068119942","5.1305799149171625","5.221667784991512","5.131932166743656","5.122393356649229","5.254087130830891","4.968282731360446","4.822467116405059","4.845233038953404","4.61892441451517","4.668247307947898","4.508209184678903","4.43021681634348","4.48606736866256","4.460159995824864","4.471900180278562","4.473795331288377","4.499134192977621","4.372626087741493","4.256717674267001","4.14531506811867","4.17050811777404","4.091366467337048","4.174995079705464","4.087832552499774","4.0477658228806686"
"Louisiana","3.288854759228606","3.5911176034263517","3.434106117093549","3.174052122894734","3.375926003882272","3.268710855689704","3.700852303628837","3.5538713445210397","3.6863581904781273","3.3484500919055304","3.559017287585839","3.417518349126389","3.7405570525039367","3.6839692667851005","4.019375557737961","3.513041090260529","3.7543831266448744","3.794279398744288","3.856903570980787","3.97497560131965","3.7303744742440896","3.931144970996778","4.162005279641224","4.191066955833442","3.7077578141095593","4.450307969277473","4.248186717883763","4.3173270137961435","4.386561784609594","4.070687331439931","4.288039802207995","4.079255450476322","3.9721132863156314"
"Washington","3.9240901607100795","3.4195458870270476","3.692797065771652","4.361808006276943","4.062367859898244","3.952265979921756","3.605344550393368","3.5519537723953256","3.868496176877061","3.7206668236610176","3.8448049051784317","4.167175366827391","3.7680711804174747","3.9843453819656673","4.11318794244699","3.8839808320195948","4.061592998532112","4.310630921599032","3.9101925927547163","4.802829565405194","4.673757879019745","4.48796716412855","3.8031088279060024","3.776312966385477","4.827004075279133","3.8179603010102405","3.5354790727865515","3.584729449712003","4.091550416785224","4.3020451004887","4.230009462245115","4.008484852428307","3.9325499884023234"
"Arizona","4.760386777168591","3.9369028600449782","4.686578260813384","4.1745601994337145","4.082446712080532","4.201816880929085","4.1816825392116925","4.366212807821584","4.575211464063958","4.547517638011954","4.065892621638236","4.137193465927267","3.907786581500022","4.265817066916332","4.5543491293480525","4.381445058579024","4.476797628412027","4.27457627048309","4.667149346674259","4.042965712229725","4.3635013662766235","4.100350169527775","4.277278980062116","4.356819797684199","4.280579775105755","4.6438980469055515","4.290511552115207","4.101380224156617","4.363038661781909","4.166471654720656","3.660111467230977","3.9485345218820367","3.8932297886080187"
"Mississippi","3.658288530838561","3.8551515145437403","3.544845616260772","3.6104494758604293","3.6225369968675225","3.4656388611763225","3.7110284990660367","3.612219683594215","3.5474105206575786","3.6389911298823185","3.705797606769517","4.220636046678857","4.262902692814134","4.472170881372071","4.121439348498147","3.646266113227944","3.8694308165636895","4.026765760861967","4.033497871331537","4.099679434695648","3.639017349332553","4.0512994594858895","4.068219108017548","4.114485792602567","4.0008957181303435","4.087295677723407","3.929066889127573","4.26621724755433","4.283722612015592","4.08484869274195","3.9739915826708136","3.860777555407995","3.740674931225161"
"Tennessee","3.342663432147484","3.267512358908255","3.3158968802125965","3.3478019371670475","3.5956647878832175","3.3951285888614846","3.389463226990987","3.4163552761412017","3.5434602332056224","3.235484816810387","3.1679926609481557","3.5274396616645847","3.391677467357118","3.354192735968607","3.533644615367652","3.1659728994593443","3.25665100703812","3.0269324814037404","3.1544090008493058","3.5735569404752785","3.0918050121911107","3.2435847461482","3.3495007421011262","3.90362787578387","4.5808268925413","3.417866960087271","3.519803837465925","3.7329335393192506","4.111902126512556","3.5661328306874913","3.531316390126727","3.5491428054081053","3.4548872570955886"
"Oregon","3.3358902278099887","3.178163459924666","3.277393573455071","3.580678974748002","3.3667493915569704","3.603174691752182","3.3221750962371277","3.602077220329586","3.884727995145024","3.337282108324592","3.2411416394046935","3.432539047730166","3.535750833687512","3.8212568044036734","3.583472089025589","3.802844849011237","3.5385857938310243","3.712815446139544","3.552006978556303","4.041966320216961","3.820655500830063","3.8358178671165115","3.79683119173337","3.944260580125335","3.7877035075988026","3.3423304456554543","3.214086272267471","3.594982616299368","3.6021043765858716","3.5723099591802105","3.568442078794682","3.4959418999268768","3.4428590426910315"
"North Carolina","3.3252229288803243","3.295793672553034","3.221058777108312","3.0313084479247334","3.351359527832891","3.540620992203598","3.661890191738897","3.351094135898123","3.567311355429559","3.519369922582518","3.1218492352043286","2.909642397432134","3.1774122309725406","3.301271383016034","3.45580242222899","3.1443152863516874","3.3874734726077","3.120491325698951","3.2589029709443462","3.1374882910043","3.016977561472966","3.2511742136950192","3.062046243578063","3.1011915992260874","3.0734243198105906","3.169558446961708","3.0618937293248867","3.3010518091519336","3.21404210530201","3.216570704389365","3.3294388907235724","3.1269926865701163","3.0545435006727115"
"New York","3.3427166128460026","3.0617743064092573","3.345428456459323","3.031024350673632","3.3611672620678816","3.099976865568501","3.2604995272436894","2.9207254325793444","3.2351739683352068","3.2223101268002265","3.2058408019750306","2.960474049035835","3.2962879538738727","3.1633745587794433","3.1467203550512206","3.0188632419003385","3.1833212414523437","2.80989064077911","3.0016651758175272","2.976094615044023","3.1173972465396034","3.0983962297170065","3.030597360300004","3.3234489730914434","3.076976540985958","3.280103801104975","3.1589938389279233","3.378498353363898","3.206955765822589","3.1418874081843193","2.9792967142824884","2.939450813194007","2.8526234463467013"
"Pennsylvania","3.100252947102897","2.7434022589778015","3.034310933026451","2.9164449957637455","2.9872012581003995","2.971255214763892","3.1845988246661245","2.703221618955011","2.7941843243640685","3.008510924096953","2.7560311166874367","2.846047954035078","3.0729374080217604","2.779577615332932","2.7442937916787242","2.5869458029848054","2.7152653867168137","2.648107637935973","2.4753255728680212","2.7442072375988706","2.6266108952886777","2.9077890890672586","2.7694241298056332","2.8277120538039","3.0302946030259688","2.9912105362764168","2.888263676153804","2.9673223078000865","3.267566219212795","2.8686721041865924","2.7257600157965314","2.7848388792960277","2.6992674363277187"
"Georgia","2.911414978939419","3.1632405934489034","3.04057663973951","2.8598056224377286","3.2885932099808093","3.0744291128876","3.123410341627539","3.074635462445203","2.9899037480091226","2.8940473361600336","2.8439366938310515","2.744998010761771","3.108558550649922","2.9734552801124705","3.068809319276029","2.8161471583893496","2.7127256059250855","2.8962530289911594","2.555409888869832","2.6397573569798736","2.6029747461903625","2.4928821415593068","2.745547626270392","2.6498906228450263","2.4482882168615445","2.6562618265888194","2.5832299838876267","2.5395947387759334","2.637911332227537","2.3908365361973782","2.5988805312082475","2.4242802627078657","2.359681339080054"
"Alabama","2.2828475876417023","2.49427850049028","2.3558032668048163","2.3019471006522663","2.607834097128274","2.272098451276847","2.4170713944565447","2.28849262889166","2.3234858204619266","2.3509619545030107","2.147698720645093","2.3831775624939016","2.267700245320928","2.2565949124258236","2.2396379493196212","2.251859321887708","2.088365529947009","2.1680582982493437","2.28562410779693","2.176910591706023","1.9946077932356756","2.070032464686186","2.125260304791661","2.2322911042134437","2.131357472890833","2.2091875128790006","2.085629608146257","2.3903893988952163","2.2948142411583157","2.1523810356826094","2.262275164342959","2.13532531283065","2.0833705328167578"
"Virginia","2.0977733050661165","2.140518671652894","2.293534198572727","2.1547689303252326","2.2752631302806594","2.2890177959821636","2.359557930567071","1.9357696491717988","2.1114908655679825","2.307698649151091","2.249582763683856","2.3308373217918006","2.1557304784346054","2.4493304808156067","2.178213808131613","2.1019690144015617","2.043545989599078","1.895277305328919","2.092295792146283","2.1631222926784113","2.027487718557383","2.2496970970604675","2.0242777587922096","2.1863633165322502","2.0895964574508614","2.262296621375095","2.073376912798492","1.9897837348576015","2.3983638560023515","1.9522435559575944","2.0793404651819496","2.0299242352758933","1.9772006410643588"
"Utah","2.0789536619103797","2.104079914862816","2.0738128264467806","2.260036638364998","2.0509563438372096","2.1754224755825016","2.0375723036625017","2.3684989789774127","2.3919569860521355","2.0626295242207533","2.116807405542186","2.0289989673224653","2.045604340122349","2.0763485396401524","2.1836071382480777","2.2822354461285963","2.122608829610656","2.098479465492129","2.0867023346655484","2.08654325446869","2.239958135606895","2.208136867480856","2.118422434350146","2.294321799526947","2.328456936626253","2.323195831408693","2.223857122697651","2.112831388616516","2.0592632396904476","2.2005030633403777","1.9094590889415466","1.975934396879167","1.9468687555965616"
"South Carolina","1.2712626829615221","1.3458431748640591","1.2344431900654602","1.1704652384955037","1.419594153162737","1.2522301895427974","1.3127709998670454","1.2820976369590893","1.2214143190588607","1.3745046201336792","1.2616761318148626","1.3061797519915583","1.435010861622105","1.298120578232232","1.2359454806842776","1.3223880885984407","1.1783366180631258","1.2031503481432504","1.3055413639151825","1.1112389480235805","1.1423413643990779","1.1312768384532161","1.1814087322883555","1.2271047907316426","1.1256784382820257","1.1738628804420606","1.1879681497958807","1.1677578115683613","1.2676255643177623","1.116282444414505","1.3060909287184572","1.1633118746283941","1.127304826235028"
"Nevada","1.098830460999342","1.1014206374704731","1.0971299727788781","1.2557718522500017","1.0685026362456458","1.1897121778433144","1.2532245440035648","1.219777660936932","1.3538841187277624","1.1011661704144537","1.203254658611178","1.119203923234367","1.1893364697966882","1.2453167940874712","1.3278039258696392","1.379700373194056","1.19028939134421","1.1181440036333121","1.2110016935306869","1.291132598925326","1.287633118576332","1.243625380228127","1.0673733282469864","1.2242535596969892","1.3013643458086743","1.4422187619897548","1.275153673489198","1.2635698462789384","1.1760889554796388","1.2779254827090962","1.066406260451841","1.1298975141390206","1.1143079804094014"
"Maryland","0.925459026941259","0.9265303152531477","1.0093599449186519","0.9742215592953769","0.9769467814426753","1.0483289942174032","1.019476358754157","0.9166698528924306","0.9011840065462988","0.8996827800378877","1.153028261716193","0.9803910725572801","1.0173079747539833","0.9038491370293577","1.010920743685777","0.9660564227448949","0.8094793511548637","0.7578984892486852","0.8782686859622707","0.8670933683838769","0.6784355043043911","0.8200294947791467","0.7979947059511698","0.7764710819649218","0.8472445924526821","0.7355855127060671","0.7320806930828256","0.8631308194058065","0.9729571093831649","0.7461207448809324","0.7609265455756562","0.7791185733681243","0.7558740043177219"
"West Virginia","0.5839630834261853","0.5218757935975309","0.56637371331199","0.5991436601943818","0.5796042590869097","0.5575195060338592","0.6189105065300893","0.5444825711889513","0.5481610749245754","0.5798320119001751","0.6233952842552436","0.6172636625378098","0.6613812692922506","0.6062158872118556","0.6129923729590014","0.7396876321193171","0.6389293826219397","0.6678604741630401","0.5755516447624838","0.5888182545389974","0.5831615904742157","0.6336665706281943","0.5607741899003377","0.6181808229550099","0.5850788050972345","0.5848671416165249","0.600290367426487","0.5451115995052883","0.6513516763691799","0.5599017062070927","0.576491853887694","0.569847772900046","0.5582325962039983"
"Vermont","0.4091268119934399","0.3936641179879362","0.38978699118905874","0.39968918564914896","0.40845799090528423","0.3941159055988675","0.40648809037963984","0.39040274652328333","0.45667762064093836","0.43181597754933176","0.42041507132963185","0.424571764500223","0.43333333499015386","0.4181854548033433","0.4276882216397645","0.43513866670412105","0.41380319016077033","0.3870936098789451","0.39026329290388456","0.39790814948216446","0.4156718958062714","0.40991474662269933","0.40993942222381685","0.42922328034187696","0.4181683260165304","0.44566945768235916","0.43421445103271616","0.44287282200764166","0.42240730686888506","0.41452745660462664","0.40079292941544425","0.39302887782986295","0.3849253464702319"
"Delaware","0.3139643634178404","0.2490964981500456","0.28755588611353156","0.2690586849737889","0.32147163594589584","0.2847198586792814","0.2697001010378228","0.2873510720146547","0.2685690794681339","0.294145870271271","0.2894940456484241","0.25674733343083617","0.2801083773535536","0.28538780221333715","0.24443442847024055","0.2883862348629722","0.22953188869900476","0.2459936736536311","0.2320442940937781","0.26356353552639517","0.2784721098616915","0.26162710212354173","0.2342927965783681","0.24360588910308154","0.257867127159131","0.28508684598474116","0.2954656149766179","0.24785645658555386","0.3291705275389976","0.2704428756051882","0.2626494191057345","0.2762488895204849","0.26941106072235294"
"New Jersey","0.3193822073966037","0.32947966389552025","0.2950397535346554","0.29251760732367593","0.30090553599820574","0.25592500250864164","0.32896611668790016","0.2652845734177192","0.23825394857791288","0.3296188859087922","0.25645847465873334","0.24910522400232107","0.2942865130327965","0.26347181565748007","0.25755102103405236","0.24910812176756045","0.26614498949994647","0.2626087337634456","0.27228426079027573","0.2846136581879042","0.2528930992866386","0.25705987615663156","0.26189550811625","0.27056296598876145","0.2541708587436119","0.25199314715509286","0.2670748337046891","0.2430484371644288","0.27862517182987323","0.2655389128731213","0.252874746294123","0.25969809338407823","0.2541671773353438"
"Maine","0.28375409505701243","0.2630179633679912","0.26452746029927676","0.2538692636908558","0.270074079910156","0.2652171729536477","0.32150338607942835","0.2894836744036991","0.3083889209234209","0.3119372754292599","0.25611482640111827","0.260324126602825","0.2910812586997308","0.29829717294207214","0.308624680924305","0.33936676915679886","0.362919233123055","0.3399154399315275","0.3558366941639094","0.33690319464607177","0.33557379359063383","0.2316881166150434","0.23859976001796643","0.24272140689735586","0.2025226898900478","0.2147193475319089","0.2306662521045402","0.2193647641197275","0.23737670591637286","0.2355798408543224","0.23253509329563926","0.2268726385352907","0.22183868076708385"
"Massachusetts","0.19497627726297725","0.18768640195648495","0.1919001219177893","0.17921005824980532","0.19144848716911136","0.18901867746212989","0.1754544958772951","0.17267600927370402","0.17417755728370982","0.18159342125710554","0.17878425805324677","0.17380666970388672","0.18926694122852186","0.17110363181628102","0.17008141889673176","0.17430716782894867","0.1724961874201398","0.1592125231362674","0.16499695629687106","0.15827647234728082","0.15658036652315557","0.16033098768559795","0.15608725047259153","0.15506036153541702","0.14556446523623143","0.15156835384666578","0.13381962022527485","0.15574780391916154","0.14338361537062186","0.1412883792869519","0.1367152198019538","0.13893084481432302","0.13703644905810455"
"Connecticut","0.13311483994340056","0.12426440769277865","0.12448851103720109","0.12041402873891972","0.1324326266177457","0.13241503464218876","0.12699843989982695","0.12007135032905886","0.1298765451446069","0.151720113718687","0.1307451678203272","0.12831569616611704","0.1525789937205896","0.13542399042496497","0.13159093366392988","0.11126484851204357","0.11979066315206724","0.10813445550320129","0.1217700617936477","0.11160783830301607","0.10445361582328254","0.11527194167562953","0.11609871943843125","0.10727802375363944","0.09685197519699357","0.09813063252130826","0.11518943591719626","0.11408251284278953","0.11358941377451962","0.10413459058677092","0.10246536614104698","0.10393304560856911","0.10209824793222816"
"Hawaii","0.10037071851871175","0.10557464689208926","0.09769773697329182","0.0938756733784085","0.09339573262034193","0.0959409431931523","0.09424111866101602","0.09587735062964636","0.0987823302528824","0.09507657468099347","0.09121654311430172","0.08426184309905298","0.08212781227220105","0.08388291537717903","0.08482397652904315","0.08453196464673095","0.08781908569896761","0.08811763833316232","0.0841804120141223","0.08525328112516431","0.08264287572709922","0.08003104800430834","0.07896002616987643","0.07505237498702319","0.0737502135707376","0.07275880980007203","0.07651397057070025","0.07760609007069998","0.0787629276314213","0.07793454007721283","0.07707900791540076","0.07985380536424586","0.079957892706042"
"New Hampshire","0.0964868430924813","0.08611826696520176","0.08492643654036577","0.08761093930751365","0.09296170716106489","0.09232881149037277","0.092109538439911","0.09303409445447823","0.09884692041109959","0.09338942301975627","0.09322321694092248","0.08161049057776898","0.09391353696200175","0.08717907788196246","0.08894828059060009","0.09193417001414593","0.0878570335424986","0.08073119857768814","0.08116613044035716","0.08017455032711235","0.08805936018442334","0.08809562624648744","0.07955991201788391","0.07917205152594167","0.07282250813097592","0.07591709949746528","0.07462517618501255","0.07760935966265539","0.08051834521710773","0.07342313245969423","0.06904142566975555","0.07116671245519253","0.06986135434192527"
"Rhode Island","0.021820931156018537","0.021902014209172344","0.025490545603954147","0.040581464726041794","0.02453289146447112","0.021641155016063396","0.022023030652955168","0.01972205125061247","0.023736007605137825","0.025578321944993605","0.027034919299037924","0.024883336095177525","0.02343861731749696","0.021274589218413454","0.02060514581772526","0.021079777649877604","0.023343124937383868","0.019646494970798758","0.023778863770595512","0.022901032079555055","0.021651151523791382","0.02335817126795993","0.023654934348771917","0.021934712240436645","0.02214496078388023","0.025403720346914873","0.022099495086613394","0.023187611219104863","0.022124234365819038","0.021449375093948574","0.019927488477423008","0.02087165442611722","0.020516180379416653"
"Alaska","0.006054203211541492","0.005779940991847116","0.005868962602260973","0.005899786529913062","0.006528795452708179","0.006711493122579167","0.007132439492321101","0.008069290144438438","0.008239002775515408","0.007906842884078107","0.007020857771687912","0.0073559736821101835","0.007921451983453731","0.008290670243004842","0.008841797932245075","0.009414289006069103","0.009922663570355237","0.010792890123358372","0.009903254387967669","0.009628333705912916","0.009812441885873005","0.009842047245360079","0.010341633296969806","0.009221969595544974","0.008343796024940888","0.008567327034414521","0.00853595608099003","0.00905633365288903","0.009866077336213468","0.01064551230410669","0.01175469346957739","0.011009998288556309","0.011026196184291459"
"District Of Columbia","0.0008128780962235381","0.0008989472025033829","0.0009003156414489474","0.0009272379967996457","0.0009820394501287358","0.0010248218021655874","0.00107077619613686","0.0011081844963654582","0.0011045817645302443","0.0011164593836234338","0.0011175873277525904","0.0011169531279909448","0.0011447499218071688","0.0011619087666468316","0.001191665542411664","0.001180935248068411","0.001205955284316768","0.0012271377869295039","0.0011901093475691633","0.0011763813382101116","0.0011892998614370432","0.0012276565020545385","0.001258585701569551","0.0012741551135871806","0.0012697641417995257","0.0012933020002033981","0.001401372081469793","0.0014257624537294862","0.0013562314923161632","0.0013278956348550307","0.001224411719784277","0.001251447326666833","0.0012448846846570864"