"Agriculture Sector Fuel Combustion, MMT CO2 eq.","1990","1991","1992","1993","1994","1995","1996","1997","1998","1999","2000","2001","2002","2003","2004","2005","2006","2007","2008","2009","2010","2011","2012","2013","2014","2015","2016","2017","2018","2019","2020","2021","2022"
"Texas","3.22953583869721","3.327842711397072","3.2931278327728877","3.7675911141856324","3.7411480998363333","4.712960336792672","6.009959300156799","4.564468806282495","4.537621666436425","3.4996511680179037","2.881251619151214","2.7882593812364798","3.070340893768319","3.530391941196303","3.722029292799686","4.422512361958931","4.041788672475464","3.938741758187154","4.335219345848727","3.507625058001878","3.8447925213758407","4.293619133511391","4.0148673886716475","3.4932495736102673","3.7228471652349797","3.0009969214380776","3.1373770027062964","3.1286599706242213","3.849842950048272","4.600731481724523","5.16808873150347","5.2376981785168235","5.170875493689272"
"California","4.037907107010782","3.5929096981232593","3.783007773781442","3.8388611860610897","4.062226954539757","3.2468855197127304","3.4787734307361777","4.228610613819605","4.0855032169015875","4.283787279866199","4.312406374484465","4.261659798578736","4.110026950004219","3.6504313873722776","4.588692229019536","4.519420695894418","5.016171978430605","3.7260529262974904","4.063886223773175","3.0315968697877262","3.7448689308397314","4.11548013492224","4.2819820039668866","4.142554066987725","4.869069973842151","4.664723451917675","4.040069468580978","3.9496805079108004","3.654450919594735","3.3210300150989602","3.1778454528018716","3.2358593645080136","3.1932735479198118"
"Iowa","2.3196496953115484","2.2860100918351325","2.629487083469025","2.657174307607719","2.834258348122905","2.194502449940138","2.4163953243343954","2.4454963377442107","2.376745370038864","2.215861184754042","2.4580126624356713","2.6148811669221135","2.7105853686327173","2.3390075180262673","2.441751582206321","2.3986653380504452","2.554108556881888","2.5447183993275795","2.6675344227618702","3.0739413884294455","3.1379520717178258","3.0294191770815595","3.1486899509046102","2.82708254819152","2.7420133913091145","3.0752232994124546","2.9944014980565132","2.983346704014859","2.8566061522749777","3.022405828627552","2.858163020745018","2.915503056313237","2.8776625719123783"
"Minnesota","2.1083495429418875","2.3622872573694345","2.5219140070060297","2.243677160399269","2.263357105303443","2.1415829277639244","1.925549686976062","2.5156931465315435","2.155197891909723","1.7981449233604248","1.565275166021696","1.7258576261955365","1.578124751164319","1.6692196931653007","1.6768033057598","1.7404398661277323","1.6993735558703458","2.1438688862635993","1.825664985054777","2.658300594171507","2.5207375230105047","2.411214101950916","2.3872213719502002","2.473811049376766","2.496213572870586","2.1132787546378577","2.119412301018317","2.2272074446022567","2.33137233083552","2.535166832223283","2.3196499409908764","2.3619175584098415","2.333146535804108"
"Kansas","2.023679525860543","2.032760038169831","1.8835538526683184","2.200854763485627","2.2239500447305276","2.0097395613973683","1.9479072465903147","2.1350367766164235","2.1019423964093416","1.931092723047704","1.7605023727513376","1.801651967929073","1.8525991378855506","2.1281351330613885","2.570246845248829","2.3581606092309584","2.60524227460233","2.2282204781130197","2.3628119511867585","2.303008542566854","2.153096331712879","1.888283108079261","1.8598374881425574","1.794607230065621","1.9303641351297676","1.9254418279212357","1.9918488529497658","2.048270566553236","2.1765347773243993","2.0497058147801512","2.260316048431338","2.3045924251961605","2.274616727757191"
"Illinois","2.6831937435947415","2.4527077209087538","2.4531624830537675","2.30503201820841","2.323446995992418","2.631896341260163","2.395716401811833","2.421451460874095","2.4700625264412936","1.7809747678757775","1.9542581863650192","1.7579174968090263","1.8431366298225802","2.121671631643864","2.286464654300696","2.3948283508711707","2.7539085564249914","2.725609649559126","2.7283276878679734","2.2172611536958993","2.2220139848320533","2.33641564065511","2.3154228924691838","2.5098784530712535","2.5675347116322116","2.437172709623422","2.2426734608923686","2.2178333566549813","2.2919194793948234","2.060377913734788","2.112095366196682","2.153171275455138","2.1268383344344812"
"Nebraska","2.453124036773362","2.427459577336784","2.295802401259303","2.2838441079448804","2.620868649590378","2.143079203881183","2.001140510509953","2.066173754453843","2.117361242477785","1.767796974180368","1.9593885920855771","2.1596029111484225","2.342428313648616","2.593282761528772","2.8690882977723553","2.747027292603338","2.818846311043827","2.762006955597383","2.759142767677461","2.354387242275102","2.06373687782771","2.048860459648945","2.7197040785176028","2.3671780061565246","2.0708909062898004","2.1467161247691355","2.0898869494161025","2.119517352326446","1.8470670814214931","1.8931388476084745","1.9013109018095715","1.934542055770354","1.9096566029736555"
"North Dakota","1.438247305027829","1.4605150275594978","1.3838404746943718","1.4225739023419026","1.5089340731309973","1.3562461607341671","1.234960376242558","1.0727421274676696","1.1310391093769414","1.03915728445643","1.182198740830351","1.2833700765941183","1.1865087577846927","1.2891110920149516","1.5333336824299322","1.5394341405781127","1.51788403382322","1.506300164168575","1.6992095381161","1.6139482899458273","1.6121342758480428","1.807121052017293","1.6722024452207789","1.6737477354144752","1.6101269044893565","1.8813830024286626","1.542687936114855","1.7097064983869463","1.4217608414580636","1.6002520551808146","1.8529854885225396","1.8758699276583692","1.8515091083649617"
"Indiana","1.2042770989953464","1.3643518747650358","1.088908902462003","1.099502235108498","1.0496082965506626","1.3123082310100733","1.1053813088926254","1.1673982361487656","1.1828311207376074","1.0067174673212191","0.9317277628201092","1.0744515414326385","1.1091478689008514","1.654751312522208","1.7259536929331643","1.817405372783922","1.6453292421063173","1.9879487949119508","1.6600100197360477","1.5879392694710928","1.3572880893847055","1.737882498762223","1.8120516332719228","1.5300234106377042","1.6777210227490964","1.4062901349359047","1.4409596030435843","1.5730215727553427","1.5073738956532368","1.54608612627449","1.3352641108800496","1.360873800088741","1.3436288488383643"
"Ohio","1.2326702151648918","1.1312371592298194","2.0645173027064567","1.1448856583881815","1.1533477071552793","1.2712201772905576","1.1483841477940706","1.1423094383979564","1.105450553181881","0.9349193211004163","0.87524615293039","1.0045949773328273","1.142440494590771","1.3052003421826062","1.529926400047873","1.5903549914207071","1.7916951683063547","1.7456779560315827","1.689570256946651","1.6539095780809574","1.6066795692460643","1.3807632346524674","1.6055329192792684","1.3767152696738418","1.4468894332842945","1.2593993543757036","1.351606001362363","1.100524634485772","1.119926343050967","1.0436398153534627","1.3130789525519593","1.3329110436594187","1.3166032555058687"
"Missouri","1.174947845345652","1.0258858952942052","0.9959856648254867","1.0468231797241612","1.1501407130209218","1.0868811892801988","1.0308871678872114","1.0550655519076122","0.9995840576705656","1.097848078711886","0.9617556086443725","0.9215352384790305","1.053421516172826","1.4043440746021552","1.8488740079606452","1.9710823389910501","2.2598427288563685","2.1744723756679636","1.696230196305671","1.7175916700199072","1.4428676302223546","1.4293621930998122","1.5297844418583084","1.2640661494579128","1.3482794997636531","1.6280925409785274","1.7033271804489696","1.5689964403068122","1.7352022267207319","1.3317200347306937","1.2637187374638972","1.2838240957889921","1.2674315559317666"
"Wisconsin","1.464662848707035","1.5052649611611246","1.535041467239677","1.4174068928632695","1.4849869238369964","1.2212994975185352","1.1397134066903003","1.1424192887154891","1.1148336474510676","2.165447355484986","2.7967572560856424","3.1500883826623935","3.01195384819466","1.3806732908158494","1.6937156392567965","1.719303237278141","1.8861758871746388","1.9397807246431946","1.6521726225308129","1.6442674193274631","1.4072588438157274","1.5444293831372489","1.52453027651172","1.6003633469312863","1.5314770557002877","1.4528623327670822","1.3279037448432924","1.3072626488749377","1.206809395309825","1.314913383817597","1.186955115142734","1.2060969019559804","1.1914365094562935"
"Arkansas","0.7788900458757606","0.7439006240918076","1.022851295030853","0.9636597867896532","0.9594579939913925","1.347833164303398","1.1606210792358895","1.2355863843440262","1.3822613276375648","1.1345389676486204","1.1554548227797568","1.3150424543631758","1.3579607506842293","2.143218020591591","2.503984339461511","2.9911106122340843","3.035549294312186","2.8640039676370175","2.6106599035746925","1.1763251668177335","1.463411217286402","1.3787329562385873","1.393678588082128","1.5384871470797068","1.3785188246862643","1.2430915058176562","1.268856161365193","0.9469536520470134","1.167216793124","1.1058671414579826","1.0669834046414164","1.0868700419852229","1.073047893820045"
"South Dakota","1.1687115727235442","1.1702834690662072","0.9150814177391214","1.172922653212965","1.098278199491591","1.003771419617351","0.987480977299205","0.9613564710262936","0.8787136561934187","0.8954250165772328","0.8332697368476764","0.8697347837549138","0.824836542039329","0.9510493191857932","1.03519550780202","1.0587717202615605","1.0886089681173439","0.9892166563398405","0.9165147997390715","1.1241359808694233","0.8736750656283425","1.0075974776239247","0.964441310889802","1.0763349468933978","0.8896221296929653","0.8928582678082756","0.8245693576813881","0.7913723935018897","0.7958044280948441","0.7532174179339949","1.0434253999534775","1.0584132763875898","1.0450055231998288"
"Washington","0.9261344104747906","0.934137392066738","0.8612190037866398","0.7279258458485357","0.5974588668543195","0.734774414733005","0.7278489139864741","0.6643398832649048","0.7391619907024567","0.5670390581803112","0.5180506816781458","0.6542659350790859","0.5788765894535585","0.587150091132824","0.7135855218239078","0.7276672748871948","1.3333599407123773","1.1264810349560472","1.3134166002959444","1.1728865186125121","0.9633687533411819","0.9205543089619066","0.932714402909859","1.0565862266336108","0.9278477345605484","1.0339269887011426","0.9134775545808264","0.9611271054693457","1.02345355731357","1.060939263078868","0.9952402342420119","1.0116385420895428","0.9990443509747289"
"Michigan","1.0422286632457647","1.2347908518055861","1.2406555377329702","1.1693399191667289","1.0325400048141142","0.8295708137973835","0.8420103769901971","0.7668696244809167","0.7327881785148368","1.042039199526311","0.9012033496604682","0.7273527549925451","0.739364094725099","0.8147954063122939","0.9456686389908863","0.9776336294953215","1.0792619583267669","1.4163813025882286","1.1370524598196816","1.3715531565768726","0.9353721476312931","0.9757524796257555","0.8638383322419235","0.8999122207415072","0.9250261712895157","0.9433273019195058","0.8892283419393219","0.9091223944328951","0.8820494457858804","0.9202472578619094","0.8100368353070656","0.8252727194897155","0.8159110897458818"
"Mississippi","1.399426594466003","1.4168721241545954","0.9501667266018656","0.7998050479379417","0.9132306015295619","1.1454361319308775","1.010140272392948","1.1469130425437506","1.177252193317404","0.9248224570488373","0.8872594777566204","0.9171666814119784","0.9193339904097828","0.8616913504319434","0.9938467466441142","0.9877399982156067","1.0285303596417683","0.8814832077296906","0.5938676644119566","0.7551038015989429","0.9362024386304637","0.881517860539676","1.2351690534741497","1.2693103451461725","1.1543596167907464","0.8146927648865591","0.6067340827440328","0.8001116831847442","0.7219914342003172","0.7519562910489783","0.7166670999366654","0.7278681640035561","0.7187006539945241"
"Idaho","0.9415076161004846","1.0217104213245503","0.7901639958649257","0.7358061125936135","0.6626310141856989","0.6163225970078808","0.5818735943172467","0.6082825443612845","0.5066445588996684","0.6144165194106002","0.6112829179034736","0.6776661248007605","0.7339758069776494","0.7198983183626881","0.8158427419180102","0.9673302426054395","0.9579500324497904","0.9584385015493646","0.8376640989511743","1.006496890657877","1.109565413744399","1.1649084294572507","1.0536685963143915","1.0303910879361582","1.1253162754786366","0.8476187355226881","0.8323374429288127","0.7885753131141755","0.8746247577212474","0.6508387947539747","0.7074405545244952","0.7208967397026198","0.7119691774275557"
"Florida","0.7386903155351453","0.6780183412219569","0.7339053665191402","0.8826822284879502","0.8136793662015404","0.865682705424194","0.9270572989890946","0.9825315152753303","1.2392576053069986","1.4684474940736296","1.3562386403895863","1.4797171722578912","1.6681086856283782","2.155030951148439","1.454685266842255","1.5175854346987665","1.6439132244451196","1.0462864222223203","1.053042383858978","1.324860694415611","2.8613361121042598","1.6870578234568019","1.6153640115314225","1.7719829598005596","1.4160337831459489","1.2689010697682006","1.2689879915387985","1.258322836340974","1.171380247189104","1.0255566004884684","0.6925980759357772","0.705331598522443","0.6960123913011778"
"Georgia","1.2571690547195076","0.8136780330212622","0.7047499508327995","0.8437170075010235","0.8336106669129864","1.2058796337740694","1.1919284911559145","1.071899400167885","1.3561055593959168","1.2485298007493324","1.331229784660065","1.5660563290853535","1.4192953275253752","1.1483248733068583","1.1518643740753325","1.2013420765933625","1.3741641492208345","1.158777010893351","0.7522323306976627","1.2434581515305065","1.0144426088976182","1.0314634299286913","1.221710084568755","1.1750714304930654","1.214966751703198","0.9868020403596475","1.137423800460719","1.1208499242319332","1.123775660548357","0.7735620034295114","0.594389409788582","0.6063658935011368","0.5993020676490083"
"North Carolina","0.6669568469397344","0.7431846686421275","0.7539607289572373","0.7325693482098149","0.7108399074330043","0.7215198516912538","0.6164648481957009","0.6150050994339132","0.541923614394069","0.6124013627076088","0.7117372245757579","0.8581941488753457","0.8611590350047875","0.7271730806544815","0.8402914887797971","0.849784329823739","0.8877577034541135","0.9609673918086113","0.7627223183203742","0.8493136692175605","0.8979529439152351","0.8885552952197143","0.9643021366701715","0.977425698746672","0.844691643397475","0.6354597841146193","0.7139080559969643","0.6089130068172263","0.6135751268483193","0.6351356811190709","0.5705528077769376","0.5812115105677474","0.5746269409084704"
"Montana","0.8257110416962433","0.8665390569800083","0.588760410877341","0.7568706513725905","0.6236090746558509","0.8253059471378003","0.8777072191130875","0.8525838810068632","0.6677404152267633","0.6635564428180337","0.6192975211463271","0.5413617553738577","0.5504180102584096","0.7068542082114357","0.8697261217098647","1.0176652305761507","1.2456610000142263","1.4570321288619532","1.2984009830430734","1.496561856197622","0.7102252613212885","0.7298365587296595","0.75260577284726","0.7546134605104245","0.7655124917243391","0.5187724595111239","0.4868543413634497","0.517917886816873","0.5015469436170836","0.5405759994073189","0.5702178566829185","0.5791045769203388","0.571786481472257"
"Pennsylvania","0.7425751143811244","0.7380628074672559","0.8039268207664205","0.6923805085052854","0.5627713405525888","0.507623887890991","0.4658810169935607","0.47145735080718154","0.4461358174536895","0.551033325643966","0.4841377692117146","0.4878393099360488","0.5273505317739797","0.626438127549198","0.8330109505600666","0.8521572775755175","1.1764318888796026","1.1102487227702045","0.7458081702762522","0.8824555178066535","1.2094620678493628","1.1830756721439788","1.1726624701492436","1.0976944345527204","1.155160112353635","0.6948081007120678","0.7128673360157495","0.7108994414271608","0.6458566593440719","0.6785701202167346","0.5643774074987571","0.5741570340911919","0.5676926946992074"
"Colorado","0.6397344228357721","0.6502561879740782","0.8769373251312075","0.8119651412234618","0.7554066298451957","0.7280784912976118","0.8302906855092953","0.8271746365457057","0.8278333513093529","0.6033926400334512","0.5811533067349662","0.5931848454365376","0.6248159597442398","0.7426003325013837","0.6847007711600364","0.7098122753574521","0.7401527882970947","0.7267876732642321","0.7422942515494143","0.7004955508596352","0.7471510482834621","0.7716622281091815","0.6758825743172158","0.560728114461545","0.6458095924198404","0.551521963930477","0.47288636473627743","0.499538967659406","0.5329928577052979","0.5925798633732087","0.5181876518635754","0.5293696562914858","0.5226820687658643"
"New York","0.7363374894032914","0.7659369952340824","0.7768075157980856","0.8608035762180298","0.7315225838801833","0.5347540277020146","0.5304941818107333","0.5536065691666587","0.5922053710702765","0.636793678661446","0.6511971902521825","0.5965486548810583","0.6869461503038846","0.790038653240611","0.9198676399629697","0.943369194930928","1.0565271284042972","1.014790046411723","0.6552060693161146","0.6332186129647617","0.6682630956757556","0.7900696315523416","0.8224170383729286","0.695411506899043","0.7243960390905685","0.4601986730497796","0.3898542409483398","0.4000872230592916","0.4144516447770305","0.4435999227081656","0.4524001241542178","0.4600252284900875","0.4550645707763661"
"Kentucky","0.7157585354618932","0.6261544727488558","0.7417558178208776","0.9223380494950963","0.8560906891484863","0.7583445502253313","0.6873732197208542","0.780593207067293","0.7335725063131047","0.5266516260988466","0.5114158240769047","0.6258419715580614","0.6573683946088253","0.6811835236380164","0.8122878484333262","0.8208658887279959","0.9209754537385063","0.7605769846763223","0.5534489212227408","0.5823030130237771","0.44268499847512877","0.46813510228615607","0.45790223607698954","0.40704095576473337","0.41392766876251974","0.2969368439810792","0.3316795253751722","0.3105339688959976","0.37987542087431125","0.4015046697609416","0.4433356461100505","0.45273233026684623","0.4481571704762005"
"Oregon","0.6102309102422456","0.6314399398143917","0.46917637320778616","0.6149221129034349","0.6322473130673232","0.7403079947444982","0.5183854844034921","0.5737019513240442","0.572294555722926","0.6130380881164051","0.7706570229416131","0.5745099984815883","0.6638705268081881","0.4284098456567157","0.5763098192080927","0.5474835507600111","0.576732456428183","0.5126345180928231","0.4308997203005576","0.5888223976683543","0.549899472997892","0.709021044966326","0.7235685174574761","0.6274315777231669","0.6070123553012842","0.5635845071764525","0.5588945653995024","0.5272932815061918","0.5053635710168756","0.4848514433158917","0.4407966253593483","0.4482736594599452","0.44274112545685324"
"Arizona","0.3932029015485107","0.27647960280847056","0.26752426398757667","0.24628591294295882","0.28908071850239603","0.3506646566168268","0.327381654251673","0.3715624920830448","0.326032314563134","0.3544412228054438","0.28960113059626036","0.3762403271999559","0.4174971437161007","0.25891265803688646","0.24291902944657157","0.27072956914192436","0.30049058791708955","0.2769411841450945","0.40073643543523396","0.5147760536604576","0.6055211819770684","0.6704233922277486","0.6287438270016784","0.601853710781334","0.6180399585044235","0.4639119594299729","0.5850179901154338","0.5066040005691875","0.41376908655871253","0.4516560512478478","0.40487851409358816","0.4117151901547677","0.4065578813362977"
"Alabama","0.6581716112297802","0.4614824887506294","0.4779834625564706","0.5575990645848526","0.560204422050041","0.6977803972237749","0.567204897378023","0.5618624582488404","0.4680031572733397","0.39592729916191194","0.3514486477956924","0.4009722881839896","0.42429276444517","0.5478904159299832","0.6655231652906931","0.7012057319592656","0.7269756491521651","0.7419449821659551","0.7315565261178532","0.5708563748091963","0.384117967952899","0.44198178777628033","0.4461894974921011","0.4189885458702298","0.3524410042185605","0.3102951759630476","0.40232992560393477","0.33082705723732814","0.3890912290605154","0.39986519209906324","0.3574254959601875","0.3643724290490164","0.3599599477568623"
"Tennessee","0.7240080928261712","0.6874594752759594","0.6675360458776359","0.6860338571800723","0.7812058169428897","0.8511424537562451","0.7702695673141505","0.9116606680006578","0.805902032563629","0.5301119129291808","0.5515887005296232","0.5025014315888227","0.48737177615185967","0.5324268663530648","0.7019141910419511","0.7330847555306272","0.8771902098344941","0.8977454856781417","0.5629730872589126","0.5838600762660855","0.4282180907095116","0.41211167363142065","0.5211947952868515","0.400922878774192","0.3880571217391088","0.3556270809496992","0.37793108560438166","0.4760059673780208","0.3940951398748974","0.38286674579174323","0.3560311039121499","0.3618495987644417","0.358163210064166"
"Oklahoma","0.7569201949238767","0.7354574487874905","1.1010053216305216","1.0076089205951706","1.032122778921792","1.145752983880717","1.1607893327717267","1.1470063548642773","1.0907281900062822","0.9447559130665257","0.966848826977545","0.8799378453571451","0.9544853427714829","0.8411952991843078","1.0473640003184517","1.0429025545076533","1.2415680229751846","1.106422778322394","0.9063527516425206","0.8867215979101796","0.8230691296278569","0.6156521768556152","0.7089381154116767","0.6193202893045213","0.6620153898085723","0.3916536324437375","0.5837835537181346","0.6282049628357612","0.3388075662733559","0.3424307149801685","0.3424212585352591","0.3497390456316661","0.3457389873951511"
"Louisiana","0.8446346747290879","0.8532265814620476","0.6941229431340659","0.7649230442696338","0.9162025280842361","0.888593423508056","0.785913861126601","0.730124453536473","0.667626717849459","0.852169564562131","0.8278332293432236","0.677463288286044","0.7615795284879076","0.6649255466063172","0.6227403532482761","0.8432640525059272","0.8548217755115788","0.8096498302934299","0.8250165825856142","0.7651012853685067","0.7297651072316513","0.8028758945968157","0.7863938893776624","0.7036158112959422","0.7367070499091782","0.46376590886595487","0.5001435081951741","0.4861327269100053","0.5947432599072907","0.4715766130968542","0.30018517798388483","0.3058944920019945","0.3023176853719395"
"South Carolina","0.44652764118958693","0.5880968273442966","0.3936625729744088","0.28980442444963633","0.26360885928584415","0.2727795172323014","0.34416282106830537","0.31405315532959444","0.2691161701078427","0.25530417779648723","0.2604860916492133","0.3341035225721637","0.3487417561679142","0.37498231523597597","0.4468687717269803","0.5620283597173413","0.48536673272804065","0.3934201624762481","0.3115396441238353","0.2398697937698826","0.19222665305221787","0.22765769007957476","0.2140277791271068","0.19612517262624607","0.21537374514725569","0.17826838625076702","0.21937049271807882","0.20813590084004369","0.2481406127257789","0.28322429679514183","0.29623896253568716","0.3010228136480864","0.2972271836908823"
"Virginia","0.5289611608927445","0.5241877810608222","0.5786188191917729","0.6709719471586993","0.5721190000794183","0.5837260989154289","0.5978923892905986","0.5660513445434714","0.528863960475399","0.58420741325069","0.5491649368715924","0.5322598289423582","0.5448002016960669","0.6382563791021785","0.7336910318950031","0.7821361911998937","0.8123005693461494","0.6698605193028689","0.5377178684316801","0.4245828862210397","0.3798335804857091","0.4181820187168587","0.41304854267810365","0.3983714589192","0.4115276230030974","0.3275665475323699","0.348498038476026","0.29320496399547863","0.2663536369650586","0.2539507719681645","0.2322427952747698","0.2364915697122177","0.23437233375956948"
"Vermont","0.09211621552666087","0.13182087489628821","0.12528861680348027","0.1063336743766443","0.07997245833298293","0.0768424102685918","0.07743767392130345","0.0827853340036066","0.08216690630250052","0.09826832079172268","0.09471745869635517","0.09510626506892039","0.09170927376462014","0.10548420036422076","0.13950857274665013","0.1482737346110393","0.15222339107259353","0.1388151053205241","0.10582492071334795","0.10697329671341281","0.11992780402079248","0.14634138908068156","0.12314443915843178","0.10730349617361275","0.11316838053428813","0.10005173450047991","0.15607288537891517","0.18576882535642983","0.16892470069974544","0.1884516251910154","0.20981923939179908","0.2132466241180207","0.21063893013285104"
"Maryland","0.29065801350562936","0.27791499865286906","0.26855596389502095","0.28844558346343546","0.2682499906142919","0.32023681771897805","0.31314000012264065","0.2989907747124725","0.28269914851751077","0.33445135157521116","0.31504964119517365","0.2698749357796823","0.2352523825011977","0.3161795483853837","0.33954710240542313","0.3637750137894058","0.3903531199844246","0.30609035341494584","0.24052475317852318","0.1985445231546027","0.27685095959972267","0.2874530575345384","0.2945487309024383","0.2585385973974114","0.25814440494506424","0.15012590903963507","0.12537081851487636","0.13557924111070138","0.12988001495366694","0.1733332819462367","0.1583213321166763","0.16158718859631233","0.1597717830994637"
"Wyoming","0.28886694543301555","0.32194879240175256","0.31555412099202834","0.2691924729113177","0.2859943708920622","0.25116232391248045","0.2387804334601185","0.28057286513006474","0.1933433759204543","0.23252623455045038","0.23372814024889654","0.2279054781421404","0.20626759345464105","0.16963851405284924","0.2259757065901855","0.21092839753324413","0.22170234511690762","0.22885655691383933","0.21521319804645853","0.2415325086274761","0.1793097677863813","0.1908983491688962","0.18041849933758422","0.18396032031318285","0.19905004752282762","0.20419201488873243","0.143778880970364","0.14635658466751994","0.15692380488989574","0.16691418836315655","0.15480258545089995","0.15737704194997312","0.15542361648316974"
"Utah","0.14715325766869078","0.17843299138257954","0.21044901462926902","0.2383078987670619","0.2314886259113413","0.22809986385072925","0.22880603349039455","0.2815111161309231","0.26276206688235704","0.17727792574754672","0.18427482847646826","0.20498554247542472","0.18990301381131838","0.3003241117101147","0.20511702142633592","0.20629434139907665","0.21343666300637032","0.20231148967793985","0.14165133512949815","0.20278708821036048","0.1216325936424806","0.13393053567062216","0.13878832280885584","0.146644502007804","0.14737628094364733","0.12836257592171899","0.1182113313870247","0.14454598127353332","0.1507693194407342","0.15725808974021396","0.12693072947741954","0.12916609551427677","0.12759870012769195"
"New Mexico","0.15856952596828913","0.19953083399978352","0.25849412471606653","0.23264380536983773","0.2610684061755882","0.25904060067405493","0.2602187508600535","0.2288792969315454","0.25602638514278014","0.2976934862569696","0.2000021711402169","0.24219894377516993","0.2358095431726249","0.47120621348874686","0.4277755524201768","0.28070551041298014","0.3599609660856271","0.5097791845149566","0.27653794481461674","0.23120781632522558","0.3178336222751951","0.27234175095765345","0.3021580181858046","0.31767145963121013","0.25759362908090394","0.20446068172087542","0.12927697731211993","0.11176930904119443","0.10466315687468153","0.11040592497787564","0.09518815754492815","0.09713453926222627","0.09602830575516097"
"Delaware","0.08896326044143649","0.1058979363262487","0.07047434069345916","0.05747741955915327","0.06313384690715054","0.04692404144076954","0.06948816602134128","0.06742122300333327","0.08922666284043132","0.08587405044151346","0.08781946479534884","0.07993756479377047","0.09763824350884888","0.09370549039674539","0.0969169083577049","0.11139634535774037","0.10085443073400459","0.10272958658022237","0.06604650570008544","0.09923372099063939","0.13870468933645946","0.16032913808658297","0.1411470698830325","0.1355499161754799","0.13739790899735313","0.10527641890504807","0.1011740022543796","0.09286971778613859","0.09031617040223625","0.10026314112277117","0.0844778519360996","0.08612883272539403","0.08507465043569719"
"Nevada","0.07654741824700753","0.08293987548340907","0.07122185896281763","0.07656869806775068","0.10773271659335373","0.06471884236916925","0.08316512037937836","0.0856354289520884","0.08291448877772348","0.07466692655467372","0.0784266791121002","0.07471137810460522","0.07341909857642932","0.05917742700835118","0.08328707665193195","0.058121881700286676","0.06205890977495395","0.06901528673056267","0.05198462556696979","0.09852559130508219","0.108643224472045","0.10992172657363398","0.09463551205803714","0.07231188066287891","0.06619954969177616","0.04799154561388409","0.05215922915358386","0.0609731682364997","0.07467313103039626","0.07137386630865704","0.07868586720967259","0.07996904492704507","0.07896053380032712"
"Maine","0.0775731603102272","0.08111338911252704","0.06656882065974584","0.0906330764635491","0.10368449610899179","0.07691677296385954","0.07664616265059589","0.08217211486628521","0.0684781515390685","0.09618143595140079","0.08022214023761913","0.09144951116438892","0.10828426009034084","0.1615364344571005","0.18338137585520803","0.16396104537545403","0.17778235041793272","0.2036689636190606","0.19088518670587987","0.08764931867495322","0.1878483901370122","0.19597735457402934","0.21752212469933715","0.20304777244948927","0.17883253408678101","0.07720656803040407","0.07038778537816903","0.07348204981571353","0.07180418467857479","0.07453218013171226","0.07418355664010791","0.07554498050469087","0.07469917584570404"
"New Jersey","0.24938367916706058","0.28785373251769586","0.13160828560213683","0.1656439720073758","0.20036038769439554","0.169820469727447","0.17008440850414966","0.16422704146153605","0.07807730055528707","0.18668770538573812","0.11750793961276555","0.15550501496142344","0.1529293775220011","0.12217736342431244","0.13117710913944253","0.14247984449720155","0.18169426916371328","0.14165948987218036","0.07012161418683294","0.13678709913471487","0.23687686816645623","0.22175632835214354","0.23542314662674613","0.1857564819192843","0.17992354876157837","0.09576126196530853","0.07918079775065281","0.04515619772284774","0.05226414329616852","0.060049870817069285","0.051452836923453885","0.05242506532399525","0.05198622461042695"
"Hawaii","0.15845864812135274","0.1291462400163366","0.13718204092347008","0.19417030011539574","0.1830286782801609","0.13272250023392662","0.15237978537626767","0.14043825039663174","0.17959103257454576","0.15596430767145206","0.16452849187786325","0.11289566103415165","0.10684465920373809","0.07886917632297241","0.08589748208938851","0.07435451468068842","0.08315241840027132","0.07739402713395052","0.060268420494692256","0.08260854186967635","0.05836862898345921","0.0582794800660354","0.05369674134277743","0.052222670406910816","0.04685476796552409","0.05329255184657045","0.017219402192386466","0.02644505277731771","0.019481438293835678","0.03913448544045038","0.037283707847672376","0.03805308077307958","0.037583716592445235"
"Connecticut","0.03192886379554761","0.04426313189045891","0.07098639592246506","0.07520926624443697","0.06310909159886342","0.06762036400972635","0.039950179811618323","0.044212709611892345","0.04504091951993893","0.07835690330945173","0.08180452149382146","0.09351955875430962","0.1165269241440279","0.1278095796791104","0.12950478163310136","0.10294437956362165","0.12943517854932046","0.07733002076898564","0.04996045839207641","0.05329147734334863","0.0883675374286154","0.09273253963881473","0.09663481202658132","0.0863618198345915","0.08185460449888948","0.033019913898227074","0.034382143503553","0.042831174499130716","0.04134358572636965","0.03597954136698255","0.03426608307002985","0.03496185029847647","0.03464189491932137"
"West Virginia","0.11051689179517057","0.09679129835445428","0.08758045270026285","0.08166354014661771","0.08998135117177773","0.07876238017631812","0.07957631803511284","0.06978313777307212","0.06978941518944683","0.08368672368815823","0.058613384459153144","0.0631176203654619","0.05484799408039871","0.06221669944943123","0.09281701236181515","0.09519559057719641","0.11888938566055211","0.1206560140391831","0.07460277881105755","0.09715040909455977","0.05374157786624844","0.04388335055603097","0.04730575327911262","0.0400821821521702","0.04259150264389102","0.03220483741957509","0.025465925138281536","0.022766149600488395","0.026751845531095587","0.041817874905785056","0.033219732343165415","0.033878385264084","0.033705746114405785"
"Massachusetts","0.0729723894372099","0.08938970342268712","0.06650586518540945","0.06793198008518944","0.0631147448601771","0.05551674249706758","0.0733964841052575","0.06871304066862761","0.04005065119077479","0.07380687200011868","0.04408676151405882","0.056525079180549595","0.07976128067876526","0.08547122192579534","0.10172185042937176","0.08713673139929307","0.12168055212918229","0.0976314041710631","0.03802489779286737","0.05286928050093075","0.1550308230001343","0.16253819206328732","0.1780646495283041","0.12549243077902328","0.12054876199541482","0.02050295141715353","0.015607695354308887","0.02071931087377806","0.022693661178760607","0.013744553675772955","0.017108968775069188","0.017561113203739633","0.017430668703394134"
"New Hampshire","0.029675636973672037","0.057699847978603606","0.03757321770002285","0.033939583710803474","0.036777249582474594","0.02916932651164254","0.028563517004741044","0.03270301692975054","0.019046811391764305","0.04223960680059365","0.053034967358774214","0.06791221099133588","0.07340669190689725","0.09073689305343545","0.09646593127987718","0.09532457788636811","0.09593545447796961","0.07173799526747783","0.07571915646114234","0.05432161397338788","0.04769830849495825","0.05573560875074701","0.056775771628118234","0.0477047807501919","0.05565424195321731","0.01705048383933232","0.015157364862545533","0.01584554214217036","0.012560287691278725","0.014704866699098885","0.00980166185482127","0.01000877420372849","0.009922406847730002"
"Alaska","0.003074648492740284","0.0035667087877387918","0.003404305373778133","0.009371610061020696","0.008924153204917143","0.009804814468532664","0.008137420853743943","0.008573534108005017","0.0027854365468804295","0.004650823179077731","0.004955347251447071","0.008721740824021506","0.009641757730006638","0.011489042469860482","0.013627089292525159","0.013202627210807769","0.014531894238681677","0.005125171583177998","0.0040511293619357935","0.006069242309579245","0.01893113391064903","0.019634618783536686","0.02119519952741438","0.02264894859596971","0.02122338789390413","0.004076622129808785","0.004878925045738638","0.0034260151435367434","0.004710016442584322","0.003882590474394015","0.0041516729356836975","0.004235100068541243","0.004190371009511385"
"Rhode Island","0.011972652292948091","0.01681531320138517","0.008473210101068277","0.011563335596468119","0.011565223183780619","0.0055829875023532365","0.006136744619067768","0.00642165065647758","0.00452135916387099","0.006089361966080793","0.0031887015449565625","0.004993954939045266","0.006345625380843581","0.006422495010913295","0.00974269903136283","0.011466842307638099","0.014671013876333188","0.008892270829341792","0.003964641859720184","0.004175141761468773","0.014867086507176353","0.015243521029534152","0.016637705520534236","0.015446349246174756","0.014685076283021604","0.0010576313910527144","0.0007346238770986003","0.0019588763526140005","0.0010267036242895607","0.0014355646914599438","0.0009110145189998011","0.0009448619506680543","0.0009486689220363112"
"District Of Columbia","0","0","0","0","0","0","0","0","0","0","0","0","0","0","0","0","0","0","0","0","0","0","0","0","0","0","0","0","0","0","0","0","0"