"Agriculture Sector, MMT CO2 eq.","1990","1991","1992","1993","1994","1995","1996","1997","1998","1999","2000","2001","2002","2003","2004","2005","2006","2007","2008","2009","2010","2011","2012","2013","2014","2015","2016","2017","2018","2019","2020","2021","2022"
"Texas","63.404608536478136","65.54577995751025","65.07611526354268","65.94332558669377","67.17744228345244","69.75074312364855","72.14930974620475","66.07972956469042","67.00894743689254","62.90645340296272","64.21363674061995","62.57139840470778","65.79493937387033","63.77219024632938","64.72248087118801","61.83376718838996","62.08808974337804","64.51243496444302","61.69122698549722","63.86561650340916","63.60868280609626","59.4749195312365","59.937882306367946","60.47234541466127","58.890284372481354","61.209401681272006","60.27241534899057","61.87427760709692","64.42069921165945","63.00668353409321","64.20630539268535","64.84377712507808","63.70376608015065"
"Iowa","37.2355956907686","36.781499016373516","34.12047956891855","35.39955939966433","36.428887076059034","36.02308704782664","35.55838366908544","34.31626116197511","36.29998001549857","37.85508898573252","34.93669657843635","36.54919674831434","39.29644753506658","36.053086035381085","36.31305602067582","37.53232832863697","39.324574079715696","39.20832599273445","38.99374209422956","37.73247417290022","38.8778819373901","40.5281125401798","39.88497581833285","39.66270888556178","44.83974773836669","42.35681171266226","41.388813840662536","40.91387836103284","46.14416120698097","42.453788982356315","40.37375242999154","41.49824632187209","40.58515637813083"
"California","32.74066347582831","30.835749739072554","31.331963459867225","32.28595960493845","33.046000329665404","33.71250765815158","34.57817951654716","35.85538173534765","35.38317651061893","36.63776701182617","38.27861100886767","39.16528045628967","40.35720143455931","40.06790013884657","40.79264212996253","40.45775987488123","41.91993999967688","41.159273181739536","42.713060871394866","40.19172817056744","41.15289422337372","41.19416424393825","41.17377588594418","40.912933759334926","42.16735531273418","41.48646920162689","40.297007687204626","39.58801013432684","38.91458455298413","38.117896100090775","38.109458214013635","36.96526785591254","36.56334007177485"
"Nebraska","29.949839028208352","31.652307280170636","31.38633200242269","33.539366997043345","33.528921050663264","31.643842321065726","33.09498016986705","33.68888565953386","33.86162101213156","33.53867200863296","31.78187962096525","34.103215852740135","34.17771496245306","33.90080408739353","34.956151580449855","35.855485488804185","36.31067907140935","38.14012773173382","36.06095610190525","35.87739322134442","34.88197866266547","37.72647460565477","35.14202294446197","37.70256821112838","36.324937328164026","37.178675253587585","38.03841370149688","37.88331930393957","39.40617525168786","38.42775076186964","35.70622214435616","36.937512444388105","36.402113657076775"
"Kansas","27.20639065731596","26.148470543009264","28.55338262500992","31.806939495332013","29.830508569502197","30.785336762513413","30.908956592031892","31.340611638203615","31.540699137738628","30.55834065003202","30.22526390710566","35.782124944244046","32.16315977207539","33.76773371928557","34.32975147570204","35.875693051722955","33.124383679896","36.14774389455977","37.89552668987162","32.377241253005224","35.4336660367279","33.36839380295364","33.56433100098129","38.61413568531122","35.545376224615936","36.6321536773407","37.26184799636184","38.902529925081986","36.349556957362196","38.54126675931935","36.64168062570658","37.00629871582866","36.30619879346392"
"Minnesota","26.59117456839428","26.156400786626318","24.784531509575285","26.18335842624492","25.116637049997447","25.884054994052107","24.788469581398896","25.016002733199855","25.911619732128035","25.5477363884146","24.544592559707834","23.36785054161597","24.437366616221777","24.63608220131463","26.280913949240194","25.94597597101287","24.371198368696973","26.25526296201096","26.16003111029421","25.653358133658188","26.899195568513754","25.668247715716404","26.051345359610057","28.117026943140186","29.106126449675724","28.960858765053704","28.471665346878908","27.872136533312524","30.692501074871753","28.38368593540101","27.084944300327173","27.674825040028256","27.09326223753725"
"South Dakota","18.629289256990777","18.66584909749667","19.656980399021524","20.956752483196844","20.860407639636495","20.782248247262093","21.111413692969723","19.952231416393026","20.317722203079967","20.556593862778968","19.339780002077283","22.574220332765016","21.00364261495441","21.35378796956788","22.952389158146147","22.8199846174589","23.47817358425714","23.815868951973556","22.678265381913114","24.67275554969774","23.34652924300225","24.533201404877317","21.874137881036177","26.05939430061755","26.336663535627952","25.559510647800774","24.56296584894388","27.44031932531769","28.725951843528517","26.748112190927156","26.537681426036787","27.019967825796048","26.334148777200472"
"Illinois","27.836725762371227","24.57338667106401","23.42616541336969","25.848023670289493","25.30198553157888","25.042821685360003","26.2944328843724","23.354833517811077","24.350150952339312","24.419682386182423","24.16823483586217","24.09061096806437","25.548727621469865","24.661898878021965","23.665976389393354","23.365154847571095","25.957113383597825","23.98631515592123","26.504492428232613","24.241510668470877","24.67756052778481","23.668102935986052","24.224980573116316","26.21234022129753","27.80314993013961","26.507969562042195","25.1749560700555","25.27262808252623","28.08484322172801","24.44181445560832","23.72408690736189","24.228515577965158","23.695089592734266"
"Missouri","23.258957012925404","21.62213444178582","20.927270536445285","22.87793735724719","23.12316840156808","22.605792172310643","23.681298195724953","22.98100958344297","22.81871637576426","21.66335365025528","22.404735816808","23.46773661252277","23.83866882988602","23.923620721220814","23.694392164559428","23.526267440091626","24.5095487008095","24.52560169567076","24.684221516178468","24.46588026351881","24.761013607877544","22.923472670533393","22.227584178448172","23.97680966960935","24.749665945958967","24.862193996576295","23.53711931388934","25.36900308656664","26.503899097569597","24.4821789659548","23.368787036537032","23.528628892050556","22.756400426970405"
"Wisconsin","21.45933470170751","21.13704754300786","20.237118840959457","20.3689403964517","19.87456087871513","19.632730719750242","19.21794354292931","18.84515677786318","19.486485182226858","20.793865957611654","20.379636012648696","20.70281090983554","21.00765758156424","19.43854922918733","19.40310503380897","19.434626387910445","20.258374679042454","20.602732046433168","20.093559810437526","20.329886075461022","21.338796342616796","20.882952927068715","21.05745072372939","21.783124351605256","22.82852725180893","22.9378703812715","23.1074823011861","22.770975181921703","23.742979130883118","22.750997974406424","22.178314316593884","22.49003693074354","22.325553930952662"
"North Dakota","14.892731425841994","14.663718348416197","15.917764759636938","17.89312992160813","18.30767613441128","17.926351391935693","17.4799832311218","16.78328260489703","16.7027127397121","17.02647298948644","17.455929599146575","18.536573690668362","16.13183837666156","19.10379719564172","18.8584308447914","18.455257351239272","16.568192468173184","22.633555781664523","17.816288000084185","18.044619255122686","19.723819460964098","19.089954924386706","16.71498517783236","22.044746861095916","21.42599941500927","20.97640269416543","21.383927526146124","19.99222054596155","23.124435833382428","22.100508101084976","20.426584483343532","21.166341552712638","20.596082424778096"
"Oklahoma","17.485171514738095","18.492208525355366","18.21592568910653","18.119173642301117","19.25355821563283","18.934523965408626","20.671179601048394","19.796553951011433","19.940048374282686","19.72166416588684","18.908328181859385","19.448815551539564","19.925845226376683","20.05709318052525","20.625395420842896","19.970082001557866","19.82131873830976","21.0767606756558","20.587977140616804","20.960799052799157","20.63335158141993","20.772115812669853","17.867114352760634","19.56923518416626","18.834482387876676","19.420445334116355","19.184968266245246","20.52697073263013","20.149149607776845","20.491309449597704","19.126923778460196","19.77289568160891","19.43488438192899"
"Montana","16.336743799336155","16.795397695107134","15.938458704191023","18.108821348733937","16.97277567857517","18.430878598722177","18.73806218014691","19.51221932519816","17.707267978194956","18.257858811002826","16.49873904893608","17.13459483408374","17.471446885572504","17.254188316428813","18.263573784595252","17.89460891661082","18.21811811262247","18.50026050935286","18.110229284674826","20.244053092884837","18.875731480038716","20.843723269083053","16.50602115562302","19.601770173632598","20.998670546026712","19.18863974843644","19.361085276979352","20.47678006151486","20.60232331693123","22.405778605263905","18.719787898235555","19.68593096117517","18.970703036938417"
"Arkansas","17.010594944468767","18.28917247689309","16.721251553849967","18.058787130692913","17.864077142040667","18.154018305605014","18.09190702335669","17.85871578103986","19.145908891211842","18.31658908818481","19.01065984704278","18.19997942745779","18.43294061443275","18.828951851280436","20.06019122544771","21.585912987416197","21.029253160780005","20.44596313178598","19.339345672010044","19.45648440508539","21.176894271092436","19.329376826562086","19.034257370335627","17.302315931810234","18.273831870787543","18.55019548735768","19.372934159113946","16.57639094086619","19.40679178205774","17.067086846117753","17.6319142239092","17.707027248298587","17.63267045750518"
"Idaho","8.86517469895631","9.179657742584556","8.993252671395028","9.65053024041655","9.715269361799786","10.18491092504727","10.56400693596244","10.719626463619775","11.029094283934759","10.919094526247974","11.499206431290224","11.580074960458564","11.982588402249636","12.661273087010974","12.657346455053302","13.371005338513546","13.574747969281429","14.00215794068161","13.895143966497127","14.54514890732089","14.07600207890297","14.86914977997456","14.625672717933194","14.764704202696455","14.43010929965721","14.282237840772689","14.890506050656892","14.941786261557167","15.5173740406234","14.960264656269194","15.73009656969202","15.616733346508083","15.773519127711868"
"Colorado","14.615703382009567","14.284047283051356","15.772562574313161","15.721642924758232","15.057256507967065","15.524525347439775","15.717285151194739","16.108902381056637","16.580708957271636","15.683868641671808","15.279726062618503","15.040067859892853","14.780836088302028","15.04923570810881","14.19477983499732","14.92022058358997","15.167637107820683","16.604030716293988","15.618322904833773","15.313504808563073","15.11529860373778","15.217463241443797","15.598048137197367","15.653133869787117","15.605568085271528","15.400264902475987","15.585190539169243","16.064139755599676","15.73435380953855","16.665715130071018","15.953935910640112","15.808776597844545","15.549916058144921"
"Indiana","16.173022099858773","14.347533155994045","14.773902239914404","14.3749543744893","14.72584655785663","14.990820889619457","14.24341622239874","13.670281040865037","14.985405575961462","13.794262206985156","13.970141037844582","14.743079806922234","14.693545089128135","15.429872876325627","14.486059604343806","14.954777732311312","14.284017245519259","14.92616593643422","15.1788527184341","15.667745793129008","15.776434119304064","15.618745158193382","15.190139349582962","16.474550570201078","15.9913230272596","15.704995792973891","15.620209068160905","16.402034668346307","16.64551899456593","16.334426606009554","14.690018093615706","15.631952372247039","15.475710379632325"
"Ohio","14.431907107697638","12.279675769511071","14.292227403420693","12.588155182556267","12.924093527702198","14.582162313633285","13.613054113471819","12.270977207124202","12.343681540389177","12.224670138989495","12.465228354485676","13.901878800159963","13.21397415021422","12.602330160780227","12.929192802093555","13.547999706084838","13.449740034590477","13.347288091300387","14.19234111945542","14.102970044195036","14.268246543519474","13.95556881714521","12.956168789754813","14.491968105162018","13.47990857041762","14.564020704900914","13.926803582909164","13.933235340377898","14.575374558307317","13.729779594130347","13.391250191076438","13.626106902821833","13.371415909992537"
"Michigan","10.093235527096153","10.045580411524044","10.059728311981122","9.795480528708113","9.870951979477253","9.453134041136556","9.490456640455529","9.045571264145783","9.103905986953388","10.125064908114732","9.780102108399479","9.252212610547907","9.272224485398489","9.645373212120996","9.786218089201183","9.37760402689641","10.298737322732801","10.49287836408286","10.492316258107588","10.228407814846694","10.361480558212367","10.669890637696296","10.306755827747526","11.418342134629043","11.400194273267243","11.259151691266988","11.753044137125725","12.089611174104572","11.826883589511372","11.587932171936917","11.320554974225946","11.495609681631956","11.183725395443288"
"North Carolina","7.95281624994369","8.400367959254462","8.922364218786697","9.282465412255691","10.521080027381524","11.58714332036434","12.32926492478719","12.322553667962405","12.736814996359206","12.427589685129652","11.886816934361969","12.099923457463499","12.5184702794147","12.338823665784146","12.663652330668867","12.36318490645163","12.333559828074563","12.551776380125471","12.100075397079854","11.898933532698484","11.588149024410283","11.679104756107781","11.411894867994167","11.288849023584358","10.710578074670465","11.260632104582333","11.413862020762178","11.563315852609342","11.481583553317432","11.656046285995476","11.578547954114677","10.773667720410744","10.62800617691178"
"New York","8.843294234866127","8.577133638639465","8.856702250082186","8.649348172620634","8.757765046026583","8.248470732575848","8.375483945609988","8.125958431327515","8.638975702162828","8.883046344502784","8.919217965439756","8.58983941396741","9.46962695559856","9.520577833693658","9.122004688550064","9.181603154292272","9.607773903481206","9.481149530887476","9.320526006984228","9.250260193131334","9.603435801551072","9.793673628573188","10.606314935942274","10.122443193760972","10.09459679927461","10.23476694518934","10.371676660113701","10.586985377103527","10.556386081899165","10.410700297967788","10.412977329218963","10.403881341304576","10.298021388256453"
"New Mexico","9.757799407443683","10.203674327185535","9.50248329122023","9.851813485460198","10.190824600486847","10.552310623941958","11.574102437846038","11.208675386292208","11.071556114859918","11.392355758329733","10.692794867874738","11.090867037504415","11.669960755610347","11.703592974147874","12.056172533197117","11.767193246514175","12.509627506257559","11.937806092350705","12.378307039108746","11.801751988477342","12.158663657496577","11.175702609580133","10.997559661308463","11.909409799775522","11.205079835465442","11.562786888594339","10.784279787971633","11.540722164132614","11.253101433871265","11.02062155445174","10.49747586317365","10.619996675976536","10.103096345147884"
"Louisiana","10.036635251977335","10.045296778092098","10.114606632733018","9.462074514963899","10.089077852202555","9.565278120239574","10.287440018117145","9.859478966755962","10.804106976432852","10.506272546778876","10.57565029631234","10.168673634320779","10.369280605324619","10.223915687490118","10.18985299718379","10.273309108106892","9.605901017582278","10.195128095256177","9.539352959096904","10.60747556594416","9.987185568873752","10.161650973150621","9.859371142403033","10.346810757189603","9.694240796411735","10.426711772935487","9.957380893766343","9.699822774356853","10.737946848461526","9.858846638922797","10.311684789621419","10.04965984896739","10.039226712987045"
"Kentucky","10.62810586714904","10.440098508875664","10.894129987004435","10.9567481133406","11.100553666768473","10.873068417164143","10.98453380981635","10.218409561109246","10.482275639746904","9.79444145493451","9.760587658364773","10.146361886499124","10.002126491589598","10.712834018335196","10.282270610389151","9.720667896685434","10.163462299671988","10.525487742528636","9.63240557460474","10.590204610616189","9.600993821400442","9.914568395483482","9.371148220508514","9.989419909586083","9.78038854588556","10.186764401818152","9.669313107837544","9.85194914900898","10.51823645730402","9.666211798056072","9.556397101732994","9.630020276467746","9.489715856811694"
"Washington","8.703561844950638","8.289925914900243","8.513946210260716","9.136047525409815","8.88123040742651","8.769345384734969","8.328242244843514","8.12910458675761","8.587726710117272","8.28711219510865","8.451886279228049","8.840900685683076","8.347561374552466","8.546379480700141","8.712076177725455","8.393652016995286","9.24232049487069","9.44185691184082","9.167526335298096","9.939825574325475","9.447037864531751","9.4357837768926","8.860751358336474","9.036475332552667","9.96542209756763","9.180679476384878","8.823708417760537","8.941122496715556","9.55619765090019","9.85746273970702","9.812417057060566","9.521794852072023","9.316974028105014"
"Florida","11.298461571533391","11.237156279686545","11.262014504079868","11.49992344752733","11.734957073766962","11.679236449084142","11.398251944389925","11.637243022977394","11.435507218271937","13.149964286210954","13.029944456562482","11.629616991653814","11.91529382517995","12.083067495208518","11.261080514479424","11.453463784946672","10.978189173981953","10.812331115110277","10.393483682995955","10.271756446097763","12.121869552676802","10.68535417961702","10.711234652359096","11.03320014900862","10.535049474938782","10.301190619217694","10.012834423037548","9.912073003740936","10.055686388517705","9.531873878661168","9.22287628942698","9.231731716190616","9.044572798321562"
"Pennsylvania","9.298172252258503","8.953929358980275","9.356751414349944","9.0724568850151","8.923310478963973","8.787409814310697","8.913580602523467","8.359502293026576","8.549591121519896","8.791870264735314","8.652317349780388","8.847855078437782","9.165092195513909","8.768874338980716","8.984114269707383","8.670293036272856","9.627045790561366","9.171429084514608","8.863423916587244","9.027327104105634","9.822503572799764","9.924668788908136","9.875863654855735","9.808305174074713","10.163998216317436","9.632502003856457","9.814277280179647","9.958195129097026","10.23845494867407","9.799527660187863","9.355369764075402","9.088885619271453","8.744376620302388"
"Wyoming","7.70575054423923","7.5324827775017855","7.760473960312854","8.433998434618184","8.726981559306028","8.890023284576698","8.768156289738942","9.7400438868441","9.497023144544775","8.47867629959825","8.210533616062902","8.429851471945305","8.318691371527699","7.926311358900566","8.240075326804963","8.063640158655554","8.259613095872984","8.822892233541626","8.420933380348574","8.589370269206581","8.37254022404353","8.806759363081648","8.27010574079054","9.168066370660583","9.640934926060723","8.957920950898268","8.459944827868046","9.265242248178271","8.912495320444373","9.410760076514661","8.458329841206911","8.722726517718538","8.557221344506225"
"Arizona","7.8075173613391256","6.83996744656413","7.682016843500145","7.1852377135782115","7.2149108797872294","7.4212091136013445","7.413112404322471","7.632746633379846","7.843598029997474","7.913268254933932","7.304604242022658","7.645776045671591","7.49498472227016","7.77816092479284","7.97720712044096","8.056160035383089","8.283820764212303","8.273072919122239","8.842044286438032","8.404480252530464","8.457333649028978","8.088103957246492","8.368627956570325","8.382066522261145","8.359178563169175","8.527554558596908","8.311318395006683","8.244776803705804","8.42035451537065","8.324183744569078","7.568692961272905","7.79622759253062","7.648862823263214"
"Tennessee","8.846017555114903","8.682702212577999","8.719456437875479","8.818773894293104","9.492793107964074","9.427093732657925","9.315513460668928","9.146169125170907","9.044600080787648","8.32727094336558","8.546444530701827","8.603659663707761","8.377973201273514","8.568497023429414","8.784374844886052","8.44903963532974","8.946064471964963","8.650102326895784","8.116582386442651","8.181553375872442","7.753131361831582","7.796803807268155","8.03611043326692","8.20084226225343","8.748519202873053","7.587089167768943","7.848345650564084","8.19485932475267","8.36926465429545","7.860354363907719","7.7034530034613695","7.727671054446226","7.525427809997828"
"Mississippi","9.206152005086775","9.25072193740163","8.727670279528994","8.822960915353569","8.937518882433018","8.889197880680648","8.841327077035805","8.700287751584861","9.127586279627184","8.22372911251028","8.613470946321854","8.879195517017171","9.309885709933482","9.180396124856738","8.30526215304821","8.800534149371211","8.368317210598363","8.238800588465791","8.09899107768481","7.927874594706983","8.3856795007289","8.010578028357953","8.724495087034137","8.91330949177508","8.347958626273861","8.745731231238098","8.210294537104344","7.8467601289271185","8.06270658464034","7.70857207305891","7.619761242871736","7.510014463411712","7.359384769721162"
"Oregon","7.291532331148247","7.179190505413139","7.1430754835535275","7.574225380473393","7.563234504231773","8.103043048469505","7.637298952041718","7.950037306019437","8.162910328709785","7.619711929349944","7.536413843271261","7.408304377008235","7.823135015612165","7.89461250732433","7.90698805782027","8.163966199057606","7.875127410497896","7.823237824967748","7.710020580198884","8.18367680313061","7.888596242440223","8.2176585836171","8.006964773347809","7.934624705537241","7.76273201428303","7.335696019428912","7.224863300987192","7.624000891422682","7.569308616161982","7.497886880088558","7.462355363582311","7.3440842495460155","7.267200942464785"
"Georgia","7.778235551169334","7.658612847165418","7.508753466914533","7.565171098723272","8.039342841777936","8.21426739359101","8.217309296642375","7.988480297207255","8.110769468924778","7.8739090557676015","7.841003633442419","7.926863188733722","8.103109885297117","7.776092037099089","7.8160368294820515","7.564694636775415","7.571791460753297","7.562743378895684","6.68725767402079","7.197733266557671","6.8868502380554215","6.768171670382397","7.218918138129208","7.017498084829738","6.937966479601342","6.939564740514305","7.132497514898847","7.062223542513226","7.125466302397885","6.552574441548502","6.601308247980762","6.383148917140065","6.274665146911135"
"Virginia","6.510355461561821","6.595995478870628","6.825068390845361","6.75781872683757","6.761862519771679","6.817135516791649","6.924664899387401","6.511531299426214","6.508961960890487","7.134673455921981","6.685473958698699","6.787831678107578","6.618860621470194","7.010867025557906","6.566434045385491","6.52883293107998","6.50642362098318","6.164557762378805","6.481186331500288","5.956487001533215","6.118303166787101","6.336366323017701","6.213651190823397","6.346448962660681","6.149797400431667","6.223980466857551","5.976482568679628","5.884613115324001","6.222894613443468","5.682647873660139","5.729585872280174","5.515333877662018","5.513005016864128"
"Alabama","6.914444700991261","6.713861155121444","6.636900555885078","6.693299453396303","7.024889241132568","7.032760363206827","6.916972883621984","6.5317971104403325","6.410426644674289","6.255142240695286","5.948929418051884","6.016991605900963","5.8841170025639675","6.088777041107693","6.197030009934473","6.063322113704987","5.862159798743324","5.958626738187364","6.116170885885251","5.7092862799736706","5.501800035557302","5.517720491067019","5.529218346970367","5.719959921027628","5.465113142752589","5.40923522252347","5.392381127737217","5.730827425100406","5.757171853462787","5.573215884518389","5.648828423495922","5.498860984072632","5.384920083190786"
"Utah","4.333286386011036","4.403108010472723","4.423116064618273","4.757413596736648","4.570936597543733","4.787452279479412","4.7557887726413","5.205137336883163","5.214694469599412","4.83252614987251","4.982159765904158","4.9074875400588605","4.890721748648008","4.971895623225559","4.913447863948683","5.046014806083169","4.7798780060986","4.90908734224995","4.84809091865026","4.799685143428617","4.8568998764444915","4.886162103163106","4.903913093306259","5.054455216338269","5.05206215341526","5.011465820370102","4.935234291085587","4.833538807808379","4.771293711118243","5.004473415085875","4.79651015348517","4.801101414954545","4.686959641960518"
"Nevada","2.3383320726784","2.384157825573355","2.413297775741704","2.5291259134757995","2.379169071531478","2.465066794105074","2.5288844756681583","2.5519248777563153","2.694986463644815","2.3759265475539513","2.5100890566694907","2.461926005283428","2.4878147786489375","2.5506609378343588","2.638857760497404","2.65194062525402","2.476130672401367","2.4052333539505493","2.477924629314313","2.603677782694839","2.626387174532539","2.5849622748162853","2.4136144567371858","2.50753757239013","2.5653757415660863","2.6384597845381843","2.4847743549287395","2.526226745255064","2.5367842246584336","2.646731080364931","2.4621494900140437","2.5125125672343196","2.473858935368669"
"South Carolina","3.1616131087815758","3.2366105641975955","2.9665311457104435","2.881414943439556","3.0634822972418116","2.9081346960047925","3.0388487105801145","2.9780775709051617","2.8275978608486247","2.9601113376807042","2.8689568419967264","2.9863297343264485","3.0650004277010336","2.968847516408472","2.9814434328427804","3.2017353769293546","2.9273899060348016","2.8643921869105875","2.8147036909170033","2.565657084670443","2.4966067827853347","2.491863323771245","2.5164371321728023","2.466823406263246","2.414654025337769","2.431916620051305","2.4868843860738283","2.4226257861855314","2.585835249809312","2.485353438303352","2.6233697503008804","2.4209963275581825","2.3422827499988585"
"Vermont","1.4626333381549625","1.4490757283288274","1.4278346497110688","1.4746980419322342","1.4167579605743412","1.407740779357553","1.4385631039941755","1.4299357697589183","1.5541218147508973","1.5912953466403004","1.5604399434810754","1.5803386815848621","1.5860769219931738","1.5992670214719404","1.6068170227613692","1.6257734796996168","1.600203215687011","1.5733795789889011","1.5533506652681517","1.5622252772533376","1.56803502799937","1.626710979642286","1.5943738556505613","1.6400771033705484","1.6436555150680159","1.684846602761211","1.76089718801594","1.7966914400721896","1.771680258694273","1.7530549723710083","1.7505150477479645","1.7243585941169552","1.7170243702276875"
"Maryland","2.1709900247988485","2.166594682399825","2.2117500665568612","2.2365682967773193","2.172051077820374","2.29903255369364","2.2367068890734143","2.06256316467505","2.023688781161156","2.0824934113179623","2.308364637559001","2.0479185987392814","2.0787646182896906","2.029440397918958","2.127868122064051","2.1191040913948345","1.9831216848355644","1.8264038006810102","1.842581488838569","1.788525019639858","1.6823778109850562","1.8440060180703686","1.865104813640841","1.761056574746989","1.803894189204069","1.6182034914617374","1.6077087880529697","1.7408609373966288","1.8611045742560897","1.664227356246475","1.6258001924753442","1.634799776522543","1.5886113117679659"
"West Virginia","1.6421824695236158","1.6113610764297739","1.673261482566931","1.6932666562239753","1.674957667043064","1.655272334121997","1.685468025168213","1.5419707003064262","1.5349387113010104","1.57775271761953","1.5492266559102685","1.5229660333845998","1.5913593963180894","1.5245581966180475","1.5435559720247491","1.7200435385479969","1.660398851167414","1.7259779598732254","1.523415484399614","1.566691435700789","1.4585200627743562","1.5023605591278217","1.4441517803283888","1.515318844509838","1.4486087348345489","1.4131945175354306","1.4714916669210178","1.4267602096833423","1.5167049959789067","1.4141585418679217","1.426496646423337","1.38132917197308","1.3585615733941332"
"Maine","0.6841944246435661","0.6694208980390172","0.6528911387284646","0.6762696099618095","0.7032293917139391","0.6571879293595185","0.7277932706731095","0.6999709216841213","0.7027276158949347","0.7385490973541874","0.6590244099087225","0.6737654001152367","0.726842423537829","0.7781207980062458","0.7989395416176888","0.8165254110999253","0.8494962807809211","0.8536885237127488","0.8714504387665809","0.7487122760373713","0.8446112954740992","0.7443063206489595","0.7714453690102094","0.7638858382326391","0.6927439761789269","0.6073417327391678","0.6196949530797611","0.6145985669096761","0.627105155953191","0.6185263609859515","0.6174395309845018","0.5984616011589676","0.5839493871565787"
"Delaware","0.5349453490323349","0.49103792233728416","0.5009642242528146","0.4788995925160067","0.5271130731196829","0.47679099511742534","0.484804727041705","0.49608862401131043","0.5044869982120537","0.5293001901349152","0.5211838771235898","0.48442121583176334","0.5250883269282218","0.5248270512213065","0.4845998928357277","0.5418858932141092","0.468990977048622","0.4908220048147012","0.4373213876672877","0.49993386831643755","0.5532149205826982","0.5484095520714617","0.5059737417297662","0.5092955286263701","0.5308678511795473","0.5317328088760328","0.542121398114603","0.48897084606590335","0.5712460096537346","0.5145342717592121","0.4837314455461297","0.4857363480595353","0.4729750210073195"
"Hawaii","0.7573753895708611","0.7602569221329487","0.7040790090984064","0.736019672116308","0.7074197530457025","0.67410064707727","0.665364749293455","0.6607418110438049","0.7157333997585912","0.6720640717636648","0.667002703906085","0.5696317280566182","0.5557543647761082","0.5362338027954313","0.5410762832399569","0.5256015273072248","0.5462787364867898","0.5261158915229522","0.48071891980655485","0.5070323142925071","0.469350205945289","0.45941800573108865","0.4487641874692987","0.42690378365532344","0.4124413675290161","0.416796195844353","0.39881979053842165","0.4156009602172899","0.4109589441841271","0.4186140871974412","0.41001563927598006","0.4163228741003261","0.42330419976344597"
"New Jersey","0.7919442057143024","0.8420345023956395","0.643845354565028","0.679777210838712","0.7020539751957595","0.6301945883375731","0.6998330126458747","0.62967047375662","0.5155988357780293","0.7068040830175154","0.546022265595729","0.6031555652498377","0.6109188234254007","0.5481652340999202","0.5456835964621987","0.5447434838059156","0.5950682906004087","0.5469995043104164","0.4875312601866469","0.569362180976019","0.6315553626109849","0.6111163188507313","0.6317771401172447","0.5901301825359972","0.5559544221982791","0.4808185544796016","0.4850898577862544","0.4251648791205756","0.4716576644548011","0.45805556096875305","0.42222973346057047","0.4246202502382043","0.4144473817627521"
"Connecticut","0.4164695063640841","0.4140493369477216","0.43775522493986013","0.4465180415612815","0.45259866904424306","0.44568106542550423","0.4008983066814843","0.40708476180720526","0.42847651556682703","0.46876501271254284","0.4507272047401093","0.4534627468648449","0.511054292845004","0.47575495419842606","0.459486623455233","0.41356829130449674","0.4523711627162222","0.3875887130462983","0.3745894973310109","0.37021563178171585","0.3932820442855045","0.41109193446587433","0.4226031558036411","0.4045947120990709","0.3857355294650769","0.34873022263018244","0.3816801351178698","0.39557072174026636","0.3946570844535737","0.36664781037651406","0.4069101260111032","0.3677149579274586","0.3654841464343747"
"Massachusetts","0.5031003331312276","0.5051765018526775","0.48612411772713915","0.4736738377255804","0.4713715462575613","0.4548328435740959","0.4543212387095666","0.4465598698573858","0.42152329657214826","0.4596329795784893","0.4167645954004726","0.40219938518079085","0.445547675922518","0.4274052457469713","0.4316395421132893","0.4204810726484374","0.4514800403253724","0.4090292883613117","0.3575314972234449","0.3614078278328478","0.48216312703027087","0.45969426736528457","0.4675483863924741","0.4119681936814933","0.3952718766191904","0.3040096152476749","0.2776818566308906","0.29769612790711625","0.28898341137886857","0.27064056792106017","0.2630174759584114","0.2881038632815983","0.2929289704687403"
"New Hampshire","0.2630838407945848","0.2874422246847708","0.26630285425927114","0.2676636149312721","0.27490635477913006","0.26668615526496364","0.262070866651042","0.26394568711959726","0.2602901168214794","0.2878650510283553","0.2979202292236757","0.2911835298981682","0.31028854606763506","0.31879386462762066","0.31735557337758197","0.3252807351570956","0.32255459985015067","0.28502175464325596","0.29642413962246217","0.27878565775455827","0.2791246894778422","0.2855636975421628","0.27109400621117125","0.26006181519186605","0.25853326129371507","0.2255591597206668","0.23124031550054905","0.23384306416150075","0.22843102649102107","0.21707616111584097","0.20025955854891503","0.20178700694745455","0.19764904836054772"
"Alaska","0.03313514955410001","0.031916266226730806","0.032395729391104494","0.03933549584543031","0.04238490014708561","0.044315039763645314","0.04479369904218078","0.04990762916268618","0.044914745129434844","0.04548477575430064","0.040911851752803076","0.0467441093162044","0.050771210115956325","0.05414486366612016","0.05895499713318046","0.06142157636048501","0.06493004041025363","0.058819333957012235","0.05269536755241347","0.052816618015085526","0.06636606259107171","0.06690266055803638","0.07008794575575533","0.06617818689872648","0.06076192847707995","0.04513161797572022","0.04579073213743635","0.047346463280348715","0.05331911217530196","0.056751122890204064","0.06297288022760927","0.062457238115455394","0.06434601488274624"
"Rhode Island","0.05484782868511157","0.06064092440226156","0.057107571227739684","0.0771851650348357","0.05723662803025775","0.0475119626364595","0.049373939812595705","0.044720276131278366","0.04719291273813695","0.05094001610412149","0.049443067313359804","0.04879763648668975","0.046848212210771394","0.04538967147008651","0.04784925557354611","0.04986729789252728","0.05435748207901672","0.04583938382484787","0.04524909682418589","0.04437507158123718","0.05310504914595599","0.05586980916888601","0.05723169503589211","0.05441836691802723","0.052707622028380675","0.04208738390790994","0.038370163048946956","0.039241102491594466","0.038008171245358414","0.0365912955432511","0.03367401869313432","0.03275211656279804","0.032546155240586856"
"District Of Columbia","0.0008128780962235381","0.0008989472025033829","0.0009003156414489473","0.0009272379967996458","0.0009820394501287358","0.001024821802165587","0.00107077619613686","0.001108184496365458","0.001104581764530244","0.001116459383623434","0.001117587327752591","0.001116953127990945","0.001144749921807169","0.001161908766646832","0.001191665542411664","0.001180935248068411","0.001205955284316768","0.001227137786929504","0.001190109347569163","0.001176381338210112","0.001189299861437043","0.001227656502054539","0.001258585701569551","0.001274155113587181","0.001269764141799526","0.001293302000203398","0.001401372081469793","0.001425762453729486","0.001356231492316163","0.001327895634855031","0.001224411719784277","0.001251447326666833","0.001244884684657086"